"Criter13432178";"noRestriction";"real";"Activities";"";"2017-08-28 10:23:52";"2017-09-10 16:30:52";"1";"2017-08-28 10:25:18";"2017-08-28 10:23:52";"certain";"active";"2017-09-10 16:30:52";"2017-09-10 18:30:52";"0";"16h30 Parc Blandan|Aux abords de l'axe|Le 10 septembre
Convergence vélo
2 000 cyclistes attendus
Risque de perturbations";"bothWays";"LYON-07";"";"strike";"";"";"";"";"";"CRITER";"70031";"2017-09-08 17:29:01";"2017-09-08 17:29:30";"nonLinkedPoint";""
"Criter13456848";"noRestriction";"real";"NetworkManagement";"";"2017-09-01 18:09:16";"2017-09-14 21:30:30";"2";"2017-09-01 18:09:26";"2017-09-01 18:09:16";"certain";"active";"2017-09-14 21:30:30";"2017-09-15 05:00:30";"0";"21h30/5h Pont Koenig -> Lyon 9|Ensemble de l'ouvrage|Du 4 au 15 septembre
Travaux de voirie";"bothWays";"LYON-09";"TWG_ID:537";"";"";"roadClosed";"";"";"";"CRITER";"70392";"2017-09-08 17:29:01";"2017-09-08 17:29:30";"nonLinkedPoint";""
"Criter13415616";"noRestriction";"real";"NetworkManagement";"";"2017-08-22 09:27:08";"2017-09-19 09:00:58";"1";"2017-08-22 09:27:08";"2017-08-22 09:27:08";"certain";"active";"2017-09-19 09:00:58";"2017-09-19 16:00:58";"0";"9h/16h Rue de Bonnel|Entre le quai Augagneur et le cours de la Liberté|Jusqu'au 22 septembre
Travaux de voirie";"bothWays";"LYON-03";"TWG_ID:35";"";"";"narrowLanes";"";"";"";"CRITER";"69796";"2017-09-08 17:29:01";"2017-09-08 17:29:30";"nonLinkedPoint";""
"Criter13415617";"noRestriction";"real";"NetworkManagement";"";"2017-08-22 09:27:08";"2017-09-20 09:00:58";"1";"2017-08-22 09:27:08";"2017-08-22 09:27:08";"certain";"active";"2017-09-20 09:00:58";"2017-09-20 16:00:58";"0";"9h/16h Rue de Bonnel|Entre le quai Augagneur et le cours de la Liberté|Jusqu'au 22 septembre
Travaux de voirie";"bothWays";"LYON-03";"TWG_ID:35";"";"";"narrowLanes";"";"";"";"CRITER";"69797";"2017-09-08 17:29:01";"2017-09-08 17:29:30";"nonLinkedPoint";""
"Criter13415619";"noRestriction";"real";"NetworkManagement";"";"2017-08-22 09:27:08";"2017-09-22 09:00:58";"1";"2017-08-22 09:27:08";"2017-08-22 09:27:08";"certain";"active";"2017-09-22 09:00:58";"2017-09-22 16:00:58";"0";"9h/16h Rue de Bonnel|Entre le quai Augagneur et le cours de la Liberté|Jusqu'au 22 septembre
Travaux de voirie";"bothWays";"LYON-03";"TWG_ID:35";"";"";"narrowLanes";"";"";"";"CRITER";"69799";"2017-09-08 17:29:01";"2017-09-08 17:29:30";"nonLinkedPoint";""
"Criter13489863";"noRestriction";"real";"NetworkManagement";"";"2017-09-08 10:43:55";"2017-09-13 21:00:44";"3";"2017-09-08 10:45:27";"2017-09-08 10:43:55";"certain";"active";"2017-09-13 21:00:44";"2017-09-14 06:00:44";"0";"21h/6h Tunnel Brotteaux-Servient|Ensemble de l'ouvrage|Du 11 au 13 septembre
Travaux d'entretien";"bothWays";"Tunnel Brotteaux-Servient";"TWG_ID:1092";"";"";"roadClosed";"";"";"";"CRITER";"70773";"2017-09-08 17:29:01";"2017-09-08 17:29:30";"nonLinkedPoint";""
"Criter13489652";"noRestriction";"real";"NetworkManagement";"";"2017-09-08 10:07:05";"2017-09-11 08:00:05";"2";"2017-09-08 10:09:51";"2017-09-08 10:07:05";"certain";"active";"2017-09-11 08:00:05";"2017-10-27 17:00:05";"0";"Quai de la Pêcherie|Entre le pont La Feuillée et la rue Longue|Du 11 septembre au 27 octobre inclus
Travaux RTE";"bothWays";"LYON-01";"TWG_ID:514";"";"";"narrowLanes";"";"";"";"CRITER";"70747";"2017-09-08 17:29:01";"2017-09-08 17:29:30";"nonLinkedPoint";""
"Criter13433855";"noRestriction";"real";"Activities";"";"2017-08-28 17:20:14";"2017-09-30 20:30:10";"2";"2017-08-28 17:21:42";"2017-08-28 17:20:14";"certain";"active";"2017-09-30 20:30:10";"2017-09-30 23:00:10";"0";"20h30 Bourse du Travail|Aux abords de la salle|Le 30 septembre
Spectacle Pockemon Crew and friends
Risque de perturbations";"bothWays";"LYON-03";"";"";"";"";"majorEvent";"";"";"CRITER";"70071";"2017-09-08 17:29:01";"2017-09-08 17:29:30";"nonLinkedPoint";""
"Criter13489725";"noRestriction";"real";"NetworkManagement";"";"2017-09-08 10:20:22";"2017-09-13 21:01:55";"1";"2017-09-08 10:20:22";"2017-09-08 10:20:22";"certain";"active";"2017-09-13 21:01:55";"2017-09-14 06:00:55";"0";"21h/6h A6 -> Paris|Entre Limonest et Anse|Du 11 au 14 septembre inclus
Travaux d'aménagement";"bothWays";"A6";"TWG_ID:1045";"";"";"roadClosed";"";"";"";"CRITER";"70752";"2017-09-08 17:29:01";"2017-09-08 17:29:30";"nonLinkedPoint";""
"Criter13491726";"noRestriction";"real";"AbnormalTraffic";"";"2017-09-08 15:42:43";"2017-09-08 15:42:43";"1";"2017-09-08 15:43:09";"2017-09-08 15:42:43";"certain";"active";"2017-09-08 15:42:43";"2017-09-08 23:59:59";"0";"A47 -> Saint-Etienne, 2 km|A hauteur de Givors";"bothWays";"A47";"TWG_ID:1075";"";"";"";"";"";"";"CRITER";"70788";"2017-09-08 17:29:01";"2017-09-08 17:29:30";"nonLinkedPoint";"queueingTraffic"
"Criter13456843";"noRestriction";"real";"NetworkManagement";"";"2017-09-01 18:09:16";"2017-09-09 21:30:30";"1";"2017-09-01 18:09:16";"2017-09-01 18:09:16";"certain";"active";"2017-09-09 21:30:30";"2017-09-10 05:00:30";"0";"21h30/5h Pont Koenig -> Lyon 9|Ensemble de l'ouvrage|Du 4 au 15 septembre
Travaux de voirie";"bothWays";"LYON-09";"TWG_ID:537";"";"";"roadClosed";"";"";"";"CRITER";"70387";"2017-09-08 17:29:01";"2017-09-08 17:29:30";"nonLinkedPoint";""
"Criter13456842";"noRestriction";"real";"NetworkManagement";"";"2017-09-01 18:09:16";"2017-09-08 21:30:30";"1";"2017-09-01 18:09:16";"2017-09-01 18:09:16";"certain";"active";"2017-09-08 21:30:30";"2017-09-09 05:00:30";"0";"21h30/5h Pont Koenig -> Lyon 9|Ensemble de l'ouvrage|Du 4 au 15 septembre
Travaux de voirie";"bothWays";"LYON-09";"TWG_ID:537";"";"";"roadClosed";"";"";"";"CRITER";"70386";"2017-09-08 17:29:01";"2017-09-08 17:29:30";"nonLinkedPoint";""
"Criter13415618";"noRestriction";"real";"NetworkManagement";"";"2017-08-22 09:27:08";"2017-09-21 09:00:58";"1";"2017-08-22 09:27:08";"2017-08-22 09:27:08";"certain";"active";"2017-09-21 09:00:58";"2017-09-21 16:00:58";"0";"9h/16h Rue de Bonnel|Entre le quai Augagneur et le cours de la Liberté|Jusqu'au 22 septembre
Travaux de voirie";"bothWays";"LYON-03";"TWG_ID:35";"";"";"narrowLanes";"";"";"";"CRITER";"69798";"2017-09-08 17:29:01";"2017-09-08 17:29:30";"nonLinkedPoint";""
"Criter13434681";"noRestriction";"real";"Activities";"";"2017-08-28 18:44:35";"2017-09-18 09:00:07";"2";"2017-08-28 18:44:49";"2017-08-28 18:44:35";"certain";"active";"2017-09-18 09:00:07";"2017-09-18 18:00:07";"0";"Double Mixte|Aux abords du complexe|Le 18 septembre
Rencontre Nationale de la Torréfaction
Risque de perturbations";"bothWays";"VILLEURBANNE";"";"strike";"";"";"";"";"";"CRITER";"70073";"2017-09-08 17:29:01";"2017-09-08 17:29:30";"nonLinkedPoint";""
"Criter13433266";"noRestriction";"real";"Activities";"";"2017-08-28 15:41:17";"2017-09-30 20:00:00";"3";"2017-08-28 15:47:38";"2017-08-28 15:41:17";"certain";"active";"2017-09-30 20:00:00";"2017-09-30 22:30:00";"0";"20h Radiant Bellevue|Aux abords de la salle|Le 30 septembre
Spectacle Vincent Dedienne
Risque de perturbations";"bothWays";"CALUIRE-ET-CUIRE";"";"";"";"";"majorEvent";"";"";"CRITER";"70048";"2017-09-08 17:29:01";"2017-09-08 17:29:30";"nonLinkedPoint";""
"Criter13489724";"noRestriction";"real";"NetworkManagement";"";"2017-09-08 10:20:22";"2017-09-12 21:01:55";"1";"2017-09-08 10:20:22";"2017-09-08 10:20:22";"certain";"active";"2017-09-12 21:01:55";"2017-09-13 06:00:55";"0";"21h/6h A6 -> Paris|Entre Limonest et Anse|Du 11 au 14 septembre inclus
Travaux d'aménagement";"bothWays";"A6";"TWG_ID:1045";"";"";"roadClosed";"";"";"";"CRITER";"70751";"2017-09-08 17:29:01";"2017-09-08 17:29:30";"nonLinkedPoint";""
"Criter13454721";"noRestriction";"real";"NetworkManagement";"";"2017-09-01 14:41:27";"2017-09-22 08:00:33";"1";"2017-09-01 14:41:27";"2017-09-01 14:41:27";"certain";"active";"2017-09-22 08:00:33";"2017-09-22 17:00:33";"0";"8h/17h Cours Lafayette|Entre la rue Garibaldi et le boulevard Vivier Merle|Du 4 au 22 septembre
Travaux ligne de bus C3";"bothWays";"LYON-06";"TWG_ID:32";"";"";"narrowLanes";"";"";"";"CRITER";"70364";"2017-09-08 17:29:01";"2017-09-08 17:29:30";"nonLinkedPoint";""
"Criter13454720";"noRestriction";"real";"NetworkManagement";"";"2017-09-01 14:41:27";"2017-09-21 08:00:33";"1";"2017-09-01 14:41:27";"2017-09-01 14:41:27";"certain";"active";"2017-09-21 08:00:33";"2017-09-21 17:00:33";"0";"8h/17h Cours Lafayette|Entre la rue Garibaldi et le boulevard Vivier Merle|Du 4 au 22 septembre
Travaux ligne de bus C3";"bothWays";"LYON-06";"TWG_ID:32";"";"";"narrowLanes";"";"";"";"CRITER";"70363";"2017-09-08 17:29:01";"2017-09-08 17:29:30";"nonLinkedPoint";""
"Criter13489726";"noRestriction";"real";"NetworkManagement";"";"2017-09-08 10:20:22";"2017-09-14 21:01:55";"1";"2017-09-08 10:20:22";"2017-09-08 10:20:22";"certain";"active";"2017-09-14 21:01:55";"2017-09-15 06:00:55";"0";"21h/6h A6 -> Paris|Entre Limonest et Anse|Du 11 au 14 septembre inclus
Travaux d'aménagement";"bothWays";"A6";"TWG_ID:1045";"";"";"roadClosed";"";"";"";"CRITER";"70753";"2017-09-08 17:29:01";"2017-09-08 17:29:30";"nonLinkedPoint";""
"Criter13489476";"noRestriction";"real";"NetworkManagement";"";"2017-09-08 09:37:38";"2017-09-11 08:00:38";"4";"2017-09-08 15:30:51";"2017-09-08 09:37:38";"certain";"active";"2017-09-11 08:00:38";"2017-10-27 17:00:38";"0";"Quai Jules Courmont -> Sud|Entre la rue Saint Bonaventure et la rue de Jussieu|Du 11 septembre au 27 octobre inclus
Travaux RTE";"bothWays";"LYON-02";"TWG_ID:551";"";"";"narrowLanes";"";"";"";"CRITER";"70744";"2017-09-08 17:29:01";"2017-09-08 17:29:30";"nonLinkedPoint";""
"Criter13489728";"noRestriction";"real";"NetworkManagement";"";"2017-09-08 10:22:26";"2017-09-12 21:00:10";"3";"2017-09-08 10:24:17";"2017-09-08 10:22:26";"certain";"active";"2017-09-12 21:00:10";"2017-09-13 06:00:10";"0";"21h/6h A6 -> Marseille|Entre Limonest et la porte du Valvert|Jusqu'au 14 septembre inclus
Travaux d'aménagement";"bothWays";"A6";"TWG_ID:107;1077;108";"";"";"roadClosed";"";"";"";"CRITER";"70755";"2017-09-08 17:29:01";"2017-09-08 17:29:30";"nonLinkedPoint";""
"Criter13401410";"noRestriction";"real";"NetworkManagement";"";"2017-08-14 14:01:01";"2017-09-08 17:29:01";"2";"2017-08-14 14:02:27";"2017-08-14 14:01:01";"certain";"active";"2017-09-08 17:29:01";"2017-09-08 23:59:01";"0";"17h30/Minuit Rues Berthelot et du Bel Air|Aux abords des axes|Le 8 septembre
Fête de quartier";"bothWays";"OULLINS";"";"";"";"roadClosed";"";"";"";"CRITER";"69586";"2017-09-08 17:29:01";"2017-09-08 17:29:30";"nonLinkedPoint";""
"Criter13401426";"noRestriction";"real";"NetworkManagement";"";"2017-08-14 14:16:53";"2017-09-23 05:00:53";"1";"2017-08-14 14:17:48";"2017-08-14 14:16:53";"certain";"active";"2017-09-23 05:00:53";"2017-09-23 20:00:53";"0";"5h/20h Rue Challemel Lacour|Aux abords de l'axe|Le 23 septembre
Vide-grenier";"bothWays";"LYON-07";"";"";"";"roadClosed";"";"";"";"CRITER";"69589";"2017-09-08 17:29:01";"2017-09-08 17:29:30";"nonLinkedPoint";""
"Criter13401427";"noRestriction";"real";"NetworkManagement";"";"2017-08-14 14:19:40";"2017-09-17 06:00:40";"2";"2017-08-14 14:20:50";"2017-08-14 14:19:40";"certain";"active";"2017-09-17 06:00:40";"2017-09-17 20:00:40";"0";"6h/20h Rue Moncey|Aux abords de l'axe|Le 17 septembre
Vide-grenier";"bothWays";"LYON-03";"";"";"";"roadClosed";"";"";"";"CRITER";"69590";"2017-09-08 17:29:01";"2017-09-08 17:29:30";"nonLinkedPoint";""
"Criter13442776";"noRestriction";"real";"NetworkManagement";"";"2017-08-30 15:01:53";"2017-09-17 09:00:53";"3";"2017-08-30 15:07:46";"2017-08-30 15:01:53";"certain";"active";"2017-09-17 09:00:53";"2017-09-17 11:00:53";"0";"9h/11h Place Bellecour|Aux abords de la place|Le 17 septembre
Lugdunum Roller Contest";"bothWays";"LYON-02";"TWG_ID:621;620;623;622";"";"";"roadClosed";"";"";"";"CRITER";"70182";"2017-09-08 17:29:01";"2017-09-08 17:29:30";"nonLinkedPoint";""
"Criter13433854";"noRestriction";"real";"Activities";"";"2017-08-28 17:20:14";"2017-09-29 20:30:00";"2";"2017-08-28 17:21:16";"2017-08-28 17:20:14";"certain";"active";"2017-09-29 20:30:00";"2017-09-29 23:00:10";"0";"20h30 Bourse du Travail|Aux abords de la salle|Les 29 et 30 septembre
Spectacle Pockemon Crew and friends
Risque de perturbations";"bothWays";"LYON-03";"";"";"";"";"majorEvent";"";"";"CRITER";"70070";"2017-09-08 17:29:01";"2017-09-08 17:29:30";"nonLinkedPoint";""
"Criter13491506";"noRestriction";"real";"AbnormalTraffic";"";"2017-09-08 15:13:15";"2017-09-08 15:13:15";"2";"2017-09-08 15:43:56";"2017-09-08 15:13:15";"certain";"active";"2017-09-08 15:13:15";"2017-09-08 23:59:59";"0";"A46 Sud -> Paris, 6 km|Entre Saint-Symphorien d'Ozon et Manissieux";"bothWays";"A46 Sud";"TWG_ID:175";"";"";"";"";"";"";"CRITER";"70786";"2017-09-08 17:29:01";"2017-09-08 17:29:30";"nonLinkedPoint";"stopAndGo"
"Criter13491725";"noRestriction";"real";"AbnormalTraffic";"";"2017-09-08 15:41:34";"2017-09-08 15:41:34";"2";"2017-09-08 16:55:07";"2017-09-08 15:41:34";"certain";"active";"2017-09-08 15:41:34";"2017-09-08 23:59:59";"0";"A42 - 2 sens, 2 km|A hauteur de Vaulx-en-Velin";"bothWays";"A42";"TWG_ID:97";"";"";"";"";"";"";"CRITER";"70787";"2017-09-08 17:29:01";"2017-09-08 17:29:30";"nonLinkedPoint";"queueingTraffic"
"Criter13436440";"noRestriction";"real";"NetworkManagement";"";"2017-08-29 09:18:43";"2017-09-10 07:30:43";"1";"2017-08-29 09:19:35";"2017-08-29 09:18:43";"certain";"active";"2017-09-10 07:30:43";"2017-09-10 14:00:43";"0";"7h30/14h Tunnel rue Terme|Ensemble de l'ouvrage|Le 10 septembre
Lyon Free Bike
Risque de perturbations";"bothWays";"LYON-01";"TWG_ID:2062";"";"";"roadClosed";"";"";"";"CRITER";"70115";"2017-09-08 17:29:01";"2017-09-08 17:29:30";"nonLinkedPoint";""
"Criter13354999";"noRestriction";"real";"NetworkManagement";"";"2017-07-27 16:17:24";"2017-08-28 07:50:00";"4";"2017-09-07 18:53:17";"2017-07-27 16:17:24";"certain";"active";"2017-08-28 07:50:00";"2017-09-12 18:00:00";"0";"Rue Maryse Bastié|Entre l'avenue Paul Santy et l'avenue Général Frère|Jusqu'au 12 septembre
Travaux Tramway T6";"bothWays";"LYON-08";"TWG_ID:300";"";"";"roadClosed";"";"";"";"CRITER";"69012";"2017-09-08 17:29:01";"2017-09-08 17:29:30";"nonLinkedPoint";""
"Criter13353057";"noRestriction";"real";"NetworkManagement";"";"2017-07-27 09:48:32";"2017-09-10 09:00:32";"1";"2017-07-27 09:49:55";"2017-07-27 09:48:32";"certain";"active";"2017-09-10 09:00:32";"2017-09-10 19:00:32";"0";"9h/19h Boulevard Paul Doumer|A l'Ouest de la rue Auguste Lumière|Le 10 septembre
Événement
Risque de perturbations";"bothWays";"CALUIRE-ET-CUIRE";"";"";"";"roadClosed";"";"";"";"CRITER";"68982";"2017-09-08 17:29:01";"2017-09-08 17:29:30";"nonLinkedPoint";""
"Criter12917526";"noRestriction";"real";"NetworkManagement";"";"2017-05-11 13:47:05";"2017-05-12 06:00:05";"4";"2017-05-12 19:36:15";"2017-05-11 13:47:05";"certain";"active";"2017-05-12 06:00:05";"2017-12-31 18:00:05";"0";"Rue Garibaldi|Entre la rue Bouchut et la rue d'Arménie|Jusque décembre 17
Circulation interdite sur les contre-allées
Travaux de requalification";"bothWays";"LYON-03";"TWG_ID:24";"";"";"narrowLanes";"";"";"";"CRITER";"62348";"2017-09-08 17:29:01";"2017-09-08 17:29:30";"nonLinkedPoint";""
"Criter13489723";"noRestriction";"real";"NetworkManagement";"";"2017-09-08 10:18:55";"2017-09-11 21:01:55";"1";"2017-09-08 10:20:22";"2017-09-08 10:18:55";"certain";"active";"2017-09-11 21:01:55";"2017-09-12 06:00:55";"0";"21h/6h A6 -> Paris|Entre Limonest et Anse|Du 11 au 14 septembre inclus
Travaux d'aménagement";"bothWays";"A6";"TWG_ID:1045";"";"";"roadClosed";"";"";"";"CRITER";"70750";"2017-09-08 17:29:01";"2017-09-08 17:29:30";"nonLinkedPoint";""
"Criter13432156";"noRestriction";"real";"NetworkManagement";"";"2017-08-28 10:20:04";"2017-09-10 09:00:27";"2";"2017-08-28 10:20:46";"2017-08-28 10:20:04";"certain";"active";"2017-09-10 09:00:27";"2017-09-10 19:00:27";"0";"9h/19h Avenue Adolphe Max|Aux abords de l'axe|Le 10 septembre
Foire aux Tupiniers
Risque de perturbations dans le Vieux-Lyon
";"bothWays";"LYON-05";"";"";"";"roadClosed";"";"";"";"CRITER";"70029";"2017-09-08 17:29:01";"2017-09-08 17:29:30";"nonLinkedPoint";""
"Criter13432157";"noRestriction";"real";"Activities";"";"2017-08-28 10:20:59";"2017-09-10 15:30:59";"2";"2017-08-28 10:22:47";"2017-08-28 10:20:59";"certain";"active";"2017-09-10 15:30:59";"2017-09-10 16:30:59";"0";"15h30 Départ : Place des Terreaux|Arrivée : Parc Blandan (Lyon 7)|Le 10 septembre
Convergence vélo
2 000 cyclistes attendus
Risque de perturbations";"bothWays";"LYON-01";"";"march";"";"";"";"";"";"CRITER";"70030";"2017-09-08 17:29:01";"2017-09-08 17:29:30";"nonLinkedPoint";""
"Criter13415611";"noRestriction";"real";"NetworkManagement";"";"2017-08-22 09:27:08";"2017-09-14 09:00:58";"1";"2017-08-22 09:27:08";"2017-08-22 09:27:08";"certain";"active";"2017-09-14 09:00:58";"2017-09-14 16:00:58";"0";"9h/16h Rue de Bonnel|Entre le quai Augagneur et le cours de la Liberté|Jusqu'au 22 septembre
Travaux de voirie";"bothWays";"LYON-03";"TWG_ID:35";"";"";"narrowLanes";"";"";"";"CRITER";"69791";"2017-09-08 17:29:01";"2017-09-08 17:29:30";"nonLinkedPoint";""
"Criter13490683";"noRestriction";"real";"AbnormalTraffic";"";"2017-09-08 12:48:56";"2017-09-08 12:48:56";"4";"2017-09-08 16:19:48";"2017-09-08 12:48:56";"certain";"active";"2017-09-08 12:48:56";"2017-09-08 23:59:59";"0";"Périphérique Laurent Bonnevay -> Marseille, 3 km|A hauteur de Saint-Fons";"bothWays";"Périphérique L. Bonnevay";"";"";"";"";"";"";"";"CRITER";"70785";"2017-09-08 17:29:01";"2017-09-08 17:29:30";"nonLinkedPoint";"queueingTraffic"
"Criter13489825";"noRestriction";"real";"NetworkManagement";"";"2017-09-08 10:36:57";"2017-09-11 22:00:57";"1";"2017-09-08 10:38:28";"2017-09-08 10:36:57";"certain";"active";"2017-09-11 22:00:57";"2017-09-12 06:00:57";"0";"22h/6h A6 -> Paris|Entre la porte du Valvert et Limonest|Les 11 et 12 septembre
Travaux d'aménagement";"bothWays";"A6";"TWG_ID:112";"";"";"narrowLanes";"";"";"";"CRITER";"70769";"2017-09-08 17:29:01";"2017-09-08 17:29:30";"nonLinkedPoint";""
"Criter13489729";"noRestriction";"real";"NetworkManagement";"";"2017-09-08 10:22:26";"2017-09-13 21:00:10";"4";"2017-09-08 10:24:24";"2017-09-08 10:22:26";"certain";"active";"2017-09-13 21:00:10";"2017-09-14 06:00:10";"0";"21h/6h A6 -> Marseille|Entre Limonest et la porte du Valvert|Les 13 et 14 septembre
Travaux d'aménagement";"bothWays";"A6";"TWG_ID:107;1077;108";"";"";"roadClosed";"";"";"";"CRITER";"70756";"2017-09-08 17:29:01";"2017-09-08 17:29:30";"nonLinkedPoint";""
"Criter13489727";"noRestriction";"real";"NetworkManagement";"";"2017-09-08 10:21:10";"2017-09-11 21:00:10";"2";"2017-09-08 10:23:26";"2017-09-08 10:21:10";"certain";"active";"2017-09-11 21:00:10";"2017-09-12 06:00:10";"0";"21h/6h A6 -> Marseille|Entre Limonest et la porte du Valvert|Du 11 au 14 septembre inclus
Travaux d'aménagement";"bothWays";"A6";"TWG_ID:107;1077;108";"";"";"roadClosed";"";"";"";"CRITER";"70754";"2017-09-08 17:29:01";"2017-09-08 17:29:30";"nonLinkedPoint";""
"Criter13415612";"noRestriction";"real";"NetworkManagement";"";"2017-08-22 09:27:08";"2017-09-15 09:00:58";"1";"2017-08-22 09:27:08";"2017-08-22 09:27:08";"certain";"active";"2017-09-15 09:00:58";"2017-09-15 16:00:58";"0";"9h/16h Rue de Bonnel|Entre le quai Augagneur et le cours de la Liberté|Jusqu'au 22 septembre
Travaux de voirie";"bothWays";"LYON-03";"TWG_ID:35";"";"";"narrowLanes";"";"";"";"CRITER";"69792";"2017-09-08 17:29:01";"2017-09-08 17:29:30";"nonLinkedPoint";""
"Criter13415613";"noRestriction";"real";"NetworkManagement";"";"2017-08-22 09:27:08";"2017-09-16 09:00:58";"1";"2017-08-22 09:27:08";"2017-08-22 09:27:08";"certain";"active";"2017-09-16 09:00:58";"2017-09-16 16:00:58";"0";"9h/16h Rue de Bonnel|Entre le quai Augagneur et le cours de la Liberté|Jusqu'au 22 septembre
Travaux de voirie";"bothWays";"LYON-03";"TWG_ID:35";"";"";"narrowLanes";"";"";"";"CRITER";"69793";"2017-09-08 17:29:01";"2017-09-08 17:29:30";"nonLinkedPoint";""
"Criter13415615";"noRestriction";"real";"NetworkManagement";"";"2017-08-22 09:27:08";"2017-09-18 09:00:58";"1";"2017-08-22 09:27:08";"2017-08-22 09:27:08";"certain";"active";"2017-09-18 09:00:58";"2017-09-18 16:00:58";"0";"9h/16h Rue de Bonnel|Entre le quai Augagneur et le cours de la Liberté|Jusqu'au 22 septembre
Travaux de voirie";"bothWays";"LYON-03";"TWG_ID:35";"";"";"narrowLanes";"";"";"";"CRITER";"69795";"2017-09-08 17:29:01";"2017-09-08 17:29:30";"nonLinkedPoint";""
"Criter13415608";"noRestriction";"real";"NetworkManagement";"";"2017-08-22 09:27:08";"2017-09-11 09:00:58";"1";"2017-08-22 09:27:08";"2017-08-22 09:27:08";"certain";"active";"2017-09-11 09:00:58";"2017-09-11 16:00:58";"0";"9h/16h Rue de Bonnel|Entre le quai Augagneur et le cours de la Liberté|Jusqu'au 22 septembre
Travaux de voirie";"bothWays";"LYON-03";"TWG_ID:35";"";"";"narrowLanes";"";"";"";"CRITER";"69788";"2017-09-08 17:29:01";"2017-09-08 17:29:30";"nonLinkedPoint";""
"Criter13415609";"noRestriction";"real";"NetworkManagement";"";"2017-08-22 09:27:08";"2017-09-12 09:00:58";"1";"2017-08-22 09:27:08";"2017-08-22 09:27:08";"certain";"active";"2017-09-12 09:00:58";"2017-09-12 16:00:58";"0";"9h/16h Rue de Bonnel|Entre le quai Augagneur et le cours de la Liberté|Jusqu'au 22 septembre
Travaux de voirie";"bothWays";"LYON-03";"TWG_ID:35";"";"";"narrowLanes";"";"";"";"CRITER";"69789";"2017-09-08 17:29:01";"2017-09-08 17:29:30";"nonLinkedPoint";""
"Criter13415610";"noRestriction";"real";"NetworkManagement";"";"2017-08-22 09:27:08";"2017-09-13 09:00:58";"1";"2017-08-22 09:27:08";"2017-08-22 09:27:08";"certain";"active";"2017-09-13 09:00:58";"2017-09-13 16:00:58";"0";"9h/16h Rue de Bonnel|Entre le quai Augagneur et le cours de la Liberté|Jusqu'au 22 septembre
Travaux de voirie";"bothWays";"LYON-03";"TWG_ID:35";"";"";"narrowLanes";"";"";"";"CRITER";"69790";"2017-09-08 17:29:01";"2017-09-08 17:29:30";"nonLinkedPoint";""
"Criter13454717";"noRestriction";"real";"NetworkManagement";"";"2017-09-01 14:41:27";"2017-09-18 08:00:33";"1";"2017-09-01 14:41:27";"2017-09-01 14:41:27";"certain";"active";"2017-09-18 08:00:33";"2017-09-18 17:00:33";"0";"8h/17h Cours Lafayette|Entre la rue Garibaldi et le boulevard Vivier Merle|Du 4 au 22 septembre
Travaux ligne de bus C3";"bothWays";"LYON-06";"TWG_ID:32";"";"";"narrowLanes";"";"";"";"CRITER";"70360";"2017-09-08 17:29:01";"2017-09-08 17:29:30";"nonLinkedPoint";""
"Criter13466956";"noRestriction";"real";"Activities";"";"2017-09-04 17:50:47";"2017-09-12 20:00:47";"2";"2017-09-04 17:52:10";"2017-09-04 17:50:47";"certain";"active";"2017-09-12 20:00:47";"2017-09-12 23:00:47";"0";"20h Halle Tony Garnier|Aux abords de la salle|Le 12 septembre
Concert Metallica
Risque de perturbations";"bothWays";"LYON-07";"";"";"";"";"majorEvent";"";"";"CRITER";"70460";"2017-09-08 17:29:01";"2017-09-08 17:29:30";"nonLinkedPoint";""
"Criter13489730";"noRestriction";"real";"NetworkManagement";"";"2017-09-08 10:22:26";"2017-09-14 21:00:10";"5";"2017-09-08 10:24:21";"2017-09-08 10:22:26";"certain";"active";"2017-09-14 21:00:10";"2017-09-15 06:00:10";"0";"21h/6h A6 -> Marseille|Entre Limonest et la porte du Valvert|Le 14 septembre
Travaux d'aménagement";"bothWays";"A6";"TWG_ID:107;1077;108";"";"";"roadClosed";"";"";"";"CRITER";"70757";"2017-09-08 17:29:01";"2017-09-08 17:29:30";"nonLinkedPoint";""
"Criter13374504";"noRestriction";"real";"NetworkManagement";"";"2017-08-02 09:54:53";"2017-09-09 05:00:53";"4";"2017-08-02 09:59:19";"2017-08-02 09:54:53";"certain";"active";"2017-09-09 05:00:53";"2017-09-09 21:00:53";"0";"5h/21h Rue Sergent Blandan|Aux abords de l'axe|Le 9 septembre
Forum des Associations";"bothWays";"LYON-01";"";"";"";"roadClosed";"";"";"";"CRITER";"69256";"2017-09-08 17:29:01";"2017-09-08 17:29:30";"nonLinkedPoint";""
"Criter13374505";"noRestriction";"real";"NetworkManagement";"";"2017-08-02 09:56:52";"2017-09-24 07:00:52";"2";"2017-08-02 09:58:07";"2017-08-02 09:56:52";"certain";"active";"2017-09-24 07:00:52";"2017-09-24 19:00:52";"0";"7h/19h Place François Bertras|Aux abords de l'axe|Le 24 septembre
Vide grenier";"bothWays";"LYON-05";"";"";"";"roadClosed";"";"";"";"CRITER";"69257";"2017-09-08 17:29:01";"2017-09-08 17:29:30";"nonLinkedPoint";""
"Criter13442775";"noRestriction";"real";"Activities";"";"2017-08-30 14:59:55";"2017-09-16 13:00:55";"2";"2017-08-30 15:01:48";"2017-08-30 14:59:55";"certain";"active";"2017-09-16 13:00:55";"2017-09-16 18:00:55";"0";"13h/18h Place Bellecour|Aux abords de la place|Le 16 septembre
Lugdunum Roller Contest
Risque de perturbations";"bothWays";"LYON-02";"";"";"";"";"sportsMeeting";"";"";"CRITER";"70181";"2017-09-08 17:29:01";"2017-09-08 17:29:30";"nonLinkedPoint";""
"Criter13470139";"noRestriction";"real";"NetworkManagement";"";"2017-09-05 09:47:31";"2017-09-12 09:00:28";"2";"2017-09-05 09:49:37";"2017-09-05 09:47:31";"certain";"active";"2017-09-12 09:00:28";"2017-09-12 16:00:28";"0";"9h/16h Quai Lamartine - 2 sens|A hauteur de la rue Jules Ferry|Du 11 au 15 septembre inclus
Circulation alternée
Travaux de gaz";"bothWays";"FONTAINES-SUR-SAONE";"TWG_ID:1703;1704";"";"";"narrowLanes";"";"";"";"CRITER";"70523";"2017-09-08 17:29:01";"2017-09-08 17:29:30";"nonLinkedPoint";""
"Criter13433756";"noRestriction";"real";"Activities";"";"2017-08-28 17:08:47";"2017-09-29 20:00:50";"2";"2017-08-28 17:13:23";"2017-08-28 17:08:47";"certain";"active";"2017-09-29 20:00:50";"2017-09-29 23:00:50";"0";"20h Transbordeur|Aux abords de la salle|Le 29 septembre
La Rue Ketanou
Risque de perturbations";"bothWays";"VILLEURBANNE";"";"";"";"";"majorEvent";"";"";"CRITER";"70068";"2017-09-08 17:29:01";"2017-09-08 17:29:30";"nonLinkedPoint";""
"Criter13374553";"noRestriction";"real";"Activities";"";"2017-08-02 10:08:00";"2017-10-21 12:00:00";"2";"2017-08-02 10:09:42";"2017-08-02 10:08:00";"certain";"active";"2017-10-21 12:00:00";"2017-10-21 18:00:00";"0";"12h/18h Rue du Film Premier|Risque de perturbations durant les prises de vue entre la rue Gelibert et la place Ambroise Courtois|Le 21 octobre
Tournage";"bothWays";"LYON-08";"";"";"";"";"majorEvent";"";"";"CRITER";"69261";"2017-09-08 17:29:01";"2017-09-08 17:29:30";"nonLinkedPoint";""
"Criter13454716";"noRestriction";"real";"NetworkManagement";"";"2017-09-01 14:41:27";"2017-09-17 08:00:33";"1";"2017-09-01 14:41:27";"2017-09-01 14:41:27";"certain";"active";"2017-09-17 08:00:33";"2017-09-17 17:00:33";"0";"8h/17h Cours Lafayette|Entre la rue Garibaldi et le boulevard Vivier Merle|Du 4 au 22 septembre
Travaux ligne de bus C3";"bothWays";"LYON-06";"TWG_ID:32";"";"";"narrowLanes";"";"";"";"CRITER";"70359";"2017-09-08 17:29:01";"2017-09-08 17:29:30";"nonLinkedPoint";""
"Criter13454718";"noRestriction";"real";"NetworkManagement";"";"2017-09-01 14:41:27";"2017-09-19 08:00:33";"1";"2017-09-01 14:41:27";"2017-09-01 14:41:27";"certain";"active";"2017-09-19 08:00:33";"2017-09-19 17:00:33";"0";"8h/17h Cours Lafayette|Entre la rue Garibaldi et le boulevard Vivier Merle|Du 4 au 22 septembre
Travaux ligne de bus C3";"bothWays";"LYON-06";"TWG_ID:32";"";"";"narrowLanes";"";"";"";"CRITER";"70361";"2017-09-08 17:29:01";"2017-09-08 17:29:30";"nonLinkedPoint";""
"Criter13454713";"noRestriction";"real";"NetworkManagement";"";"2017-09-01 14:41:27";"2017-09-14 08:00:33";"1";"2017-09-01 14:41:27";"2017-09-01 14:41:27";"certain";"active";"2017-09-14 08:00:33";"2017-09-14 17:00:33";"0";"8h/17h Cours Lafayette|Entre la rue Garibaldi et le boulevard Vivier Merle|Du 4 au 22 septembre
Travaux ligne de bus C3";"bothWays";"LYON-06";"TWG_ID:32";"";"";"narrowLanes";"";"";"";"CRITER";"70356";"2017-09-08 17:29:01";"2017-09-08 17:29:30";"nonLinkedPoint";""
"Criter13454712";"noRestriction";"real";"NetworkManagement";"";"2017-09-01 14:41:27";"2017-09-13 08:00:33";"1";"2017-09-01 14:41:27";"2017-09-01 14:41:27";"certain";"active";"2017-09-13 08:00:33";"2017-09-13 17:00:33";"0";"8h/17h Cours Lafayette|Entre la rue Garibaldi et le boulevard Vivier Merle|Du 4 au 22 septembre
Travaux ligne de bus C3";"bothWays";"LYON-06";"TWG_ID:32";"";"";"narrowLanes";"";"";"";"CRITER";"70355";"2017-09-08 17:29:01";"2017-09-08 17:29:30";"nonLinkedPoint";""
"Criter13454715";"noRestriction";"real";"NetworkManagement";"";"2017-09-01 14:41:27";"2017-09-16 08:00:33";"1";"2017-09-01 14:41:27";"2017-09-01 14:41:27";"certain";"active";"2017-09-16 08:00:33";"2017-09-16 17:00:33";"0";"8h/17h Cours Lafayette|Entre la rue Garibaldi et le boulevard Vivier Merle|Du 4 au 22 septembre
Travaux ligne de bus C3";"bothWays";"LYON-06";"TWG_ID:32";"";"";"narrowLanes";"";"";"";"CRITER";"70358";"2017-09-08 17:29:01";"2017-09-08 17:29:30";"nonLinkedPoint";""
"Criter13454714";"noRestriction";"real";"NetworkManagement";"";"2017-09-01 14:41:27";"2017-09-15 08:00:33";"1";"2017-09-01 14:41:27";"2017-09-01 14:41:27";"certain";"active";"2017-09-15 08:00:33";"2017-09-15 17:00:33";"0";"8h/17h Cours Lafayette|Entre la rue Garibaldi et le boulevard Vivier Merle|Du 4 au 22 septembre
Travaux ligne de bus C3";"bothWays";"LYON-06";"TWG_ID:32";"";"";"narrowLanes";"";"";"";"CRITER";"70357";"2017-09-08 17:29:01";"2017-09-08 17:29:30";"nonLinkedPoint";""
"Criter13489755";"noRestriction";"real";"NetworkManagement";"";"2017-09-08 10:26:34";"2017-09-11 21:00:34";"1";"2017-09-08 10:28:06";"2017-09-08 10:26:34";"certain";"active";"2017-09-11 21:00:34";"2017-09-12 06:00:34";"0";"21h/6h A47 -> Saint-Etienne|Entre Givors Ouest et Saint-Martin la Plaine|Du 11 au 14 septembre inclus
Travaux d'aménagement";"bothWays";"A47";"TWG_ID:1389";"";"";"roadClosed";"";"";"";"CRITER";"70758";"2017-09-08 17:29:01";"2017-09-08 17:29:30";"nonLinkedPoint";""
"Criter13489791";"noRestriction";"real";"NetworkManagement";"";"2017-09-08 10:30:18";"2017-09-14 21:00:29";"1";"2017-09-08 10:30:18";"2017-09-08 10:30:18";"certain";"active";"2017-09-14 21:00:29";"2017-09-15 06:00:29";"0";"21h/6h Boulevard Urbain Sud -> A46 Sud|Ensemble de l'axe|Du 11 au 14 septembre inclus
Travaux d'aménagement";"bothWays";"Boulevard Urbain Sud";"TWG_ID:1089;1088";"";"";"roadClosed";"";"";"";"CRITER";"70766";"2017-09-08 17:29:01";"2017-09-08 17:29:30";"nonLinkedPoint";""
"Criter13489862";"noRestriction";"real";"NetworkManagement";"";"2017-09-08 10:43:55";"2017-09-12 21:00:44";"2";"2017-09-08 10:45:40";"2017-09-08 10:43:55";"certain";"active";"2017-09-12 21:00:44";"2017-09-13 06:00:44";"0";"21h/6h Tunnel Brotteaux-Servient|Ensemble de l'ouvrage|Du 11 au 13 septembre
Travaux d'entretien";"bothWays";"Tunnel Brotteaux-Servient";"TWG_ID:1092";"";"";"roadClosed";"";"";"";"CRITER";"70772";"2017-09-08 17:29:01";"2017-09-08 17:29:30";"nonLinkedPoint";""
"Criter13487878";"noRestriction";"real";"AbnormalTraffic";"";"2017-09-08 07:09:45";"2017-09-08 07:09:45";"7";"2017-09-08 16:52:39";"2017-09-08 07:09:45";"certain";"active";"2017-09-08 07:09:45";"2017-09-08 23:59:59";"0";"A6 -> Marseille, 3 km|A l'entrée du tunnel sous Fourvière";"bothWays";"A6";"TWG_ID:110";"";"";"";"";"";"";"CRITER";"70768";"2017-09-08 17:29:01";"2017-09-08 17:29:30";"nonLinkedPoint";"queueingTraffic"
"Criter13454709";"noRestriction";"real";"NetworkManagement";"";"2017-09-01 14:41:27";"2017-09-10 08:00:33";"1";"2017-09-01 14:41:27";"2017-09-01 14:41:27";"certain";"active";"2017-09-10 08:00:33";"2017-09-10 17:00:33";"0";"8h/17h Cours Lafayette|Entre la rue Garibaldi et le boulevard Vivier Merle|Du 4 au 22 septembre
Travaux ligne de bus C3";"bothWays";"LYON-06";"TWG_ID:32";"";"";"narrowLanes";"";"";"";"CRITER";"70352";"2017-09-08 17:29:01";"2017-09-08 17:29:30";"nonLinkedPoint";""
"Criter13454708";"noRestriction";"real";"NetworkManagement";"";"2017-09-01 14:41:27";"2017-09-09 08:00:33";"1";"2017-09-01 14:41:27";"2017-09-01 14:41:27";"certain";"active";"2017-09-09 08:00:33";"2017-09-09 17:00:33";"0";"8h/17h Cours Lafayette|Entre la rue Garibaldi et le boulevard Vivier Merle|Du 4 au 22 septembre
Travaux ligne de bus C3";"bothWays";"LYON-06";"TWG_ID:32";"";"";"narrowLanes";"";"";"";"CRITER";"70351";"2017-09-08 17:29:01";"2017-09-08 17:29:30";"nonLinkedPoint";""
"Criter13489757";"noRestriction";"real";"NetworkManagement";"";"2017-09-08 10:28:06";"2017-09-13 21:00:34";"1";"2017-09-08 10:28:06";"2017-09-08 10:28:06";"certain";"active";"2017-09-13 21:00:34";"2017-09-14 06:00:34";"0";"21h/6h A47 -> Saint-Etienne|Entre Givors Ouest et Saint-Martin la Plaine|Du 11 au 14 septembre inclus
Travaux d'aménagement";"bothWays";"A47";"TWG_ID:1389";"";"";"roadClosed";"";"";"";"CRITER";"70760";"2017-09-08 17:29:01";"2017-09-08 17:29:30";"nonLinkedPoint";""
"Criter13489756";"noRestriction";"real";"NetworkManagement";"";"2017-09-08 10:28:06";"2017-09-12 21:00:34";"1";"2017-09-08 10:28:06";"2017-09-08 10:28:06";"certain";"active";"2017-09-12 21:00:34";"2017-09-13 06:00:34";"0";"21h/6h A47 -> Saint-Etienne|Entre Givors Ouest et Saint-Martin la Plaine|Du 11 au 14 septembre inclus
Travaux d'aménagement";"bothWays";"A47";"TWG_ID:1389";"";"";"roadClosed";"";"";"";"CRITER";"70759";"2017-09-08 17:29:01";"2017-09-08 17:29:30";"nonLinkedPoint";""
"Criter13489758";"noRestriction";"real";"NetworkManagement";"";"2017-09-08 10:28:06";"2017-09-14 21:00:34";"1";"2017-09-08 10:28:06";"2017-09-08 10:28:06";"certain";"active";"2017-09-14 21:00:34";"2017-09-15 06:00:34";"0";"21h/6h A47 -> Saint-Etienne|Entre Givors Ouest et Saint-Martin la Plaine|Du 11 au 14 septembre inclus
Travaux d'aménagement";"bothWays";"A47";"TWG_ID:1389";"";"";"roadClosed";"";"";"";"CRITER";"70761";"2017-09-08 17:29:01";"2017-09-08 17:29:30";"nonLinkedPoint";""
"Criter13489789";"noRestriction";"real";"NetworkManagement";"";"2017-09-08 10:30:18";"2017-09-12 21:00:29";"1";"2017-09-08 10:30:18";"2017-09-08 10:30:18";"certain";"active";"2017-09-12 21:00:29";"2017-09-13 06:00:29";"0";"21h/6h Boulevard Urbain Sud -> A46 Sud|Ensemble de l'axe|Du 11 au 14 septembre inclus
Travaux d'aménagement";"bothWays";"Boulevard Urbain Sud";"TWG_ID:1089;1088";"";"";"roadClosed";"";"";"";"CRITER";"70764";"2017-09-08 17:29:01";"2017-09-08 17:29:30";"nonLinkedPoint";""
"Criter13489788";"noRestriction";"real";"NetworkManagement";"";"2017-09-08 10:28:29";"2017-09-11 21:00:29";"1";"2017-09-08 10:30:18";"2017-09-08 10:28:29";"certain";"active";"2017-09-11 21:00:29";"2017-09-12 06:00:29";"0";"21h/6h Boulevard Urbain Sud -> A46 Sud|Ensemble de l'axe|Du 11 au 14 septembre inclus
Travaux d'aménagement";"bothWays";"Boulevard Urbain Sud";"TWG_ID:1089;1088";"";"";"roadClosed";"";"";"";"CRITER";"70763";"2017-09-08 17:29:01";"2017-09-08 17:29:30";"nonLinkedPoint";""
"Criter13489790";"noRestriction";"real";"NetworkManagement";"";"2017-09-08 10:30:18";"2017-09-13 21:00:29";"1";"2017-09-08 10:30:18";"2017-09-08 10:30:18";"certain";"active";"2017-09-13 21:00:29";"2017-09-14 06:00:29";"0";"21h/6h Boulevard Urbain Sud -> A46 Sud|Ensemble de l'axe|Du 11 au 14 septembre inclus
Travaux d'aménagement";"bothWays";"Boulevard Urbain Sud";"TWG_ID:1089;1088";"";"";"roadClosed";"";"";"";"CRITER";"70765";"2017-09-08 17:29:01";"2017-09-08 17:29:30";"nonLinkedPoint";""
"Criter13467039";"noRestriction";"real";"Activities";"";"2017-09-04 17:53:13";"2017-09-14 09:00:13";"1";"2017-09-04 17:54:59";"2017-09-04 17:53:13";"certain";"active";"2017-09-14 09:00:13";"2017-09-14 17:00:13";"0";"9h/17h Centre de Congrès|Aux abords du complexe|Les 14 et 15 septembre
Salon CE de Lyon
Risque de perturbations";"bothWays";"LYON-06";"";"strike";"";"";"";"";"";"CRITER";"70462";"2017-09-08 17:29:01";"2017-09-08 17:29:30";"nonLinkedPoint";""
"Criter13489826";"noRestriction";"real";"NetworkManagement";"";"2017-09-08 10:38:28";"2017-09-12 22:00:57";"2";"2017-09-08 10:38:35";"2017-09-08 10:38:28";"certain";"active";"2017-09-12 22:00:57";"2017-09-13 06:00:57";"0";"22h/6h A6 -> Paris|Entre la porte du Valvert et Limonest|Le 12 septembre
Travaux d'aménagement";"bothWays";"A6";"TWG_ID:112";"";"";"narrowLanes";"";"";"";"CRITER";"70770";"2017-09-08 17:29:01";"2017-09-08 17:29:30";"nonLinkedPoint";""
"Criter13467040";"noRestriction";"real";"Activities";"";"2017-09-04 17:54:59";"2017-09-15 09:00:13";"3";"2017-09-04 17:55:36";"2017-09-04 17:54:59";"certain";"active";"2017-09-15 09:00:13";"2017-09-15 17:00:13";"0";"9h/17h Centre de Congrès|Aux abords du complexe|Le 15 septembre
Salon CE de Lyon
Risque de perturbations";"bothWays";"LYON-06";"";"strike";"";"";"";"";"";"CRITER";"70463";"2017-09-08 17:29:01";"2017-09-08 17:29:30";"nonLinkedPoint";""
"Criter13466357";"noRestriction";"real";"Activities";"";"2017-09-04 16:54:25";"2017-09-11 09:00:25";"2";"2017-09-04 17:01:54";"2017-09-04 16:54:25";"certain";"active";"2017-09-11 09:00:25";"2017-09-11 19:00:25";"0";"9h/19h Eurexpo|Aux abords du complexe|Les 11 et 12 septembre
Salon Bikexpo
Risque de perturbations";"bothWays";"CHASSIEU";"";"strike";"";"";"";"";"";"CRITER";"70445";"2017-09-08 17:29:01";"2017-09-08 17:29:30";"nonLinkedPoint";""
"Criter13466358";"noRestriction";"real";"Activities";"";"2017-09-04 17:01:17";"2017-09-12 09:00:25";"2";"2017-09-04 17:01:59";"2017-09-04 17:01:17";"certain";"active";"2017-09-12 09:00:25";"2017-09-12 19:00:25";"0";"9h/19h Eurexpo|Aux abords du complexe|Les 11 et 12 septembre
Salon Bikexpo
Risque de perturbations";"bothWays";"CHASSIEU";"";"strike";"";"";"";"";"";"CRITER";"70446";"2017-09-08 17:29:01";"2017-09-08 17:29:30";"nonLinkedPoint";""
"Criter13466425";"noRestriction";"real";"Activities";"";"2017-09-04 17:10:54";"2017-09-18 09:30:00";"3";"2017-09-04 17:12:47";"2017-09-04 17:10:54";"certain";"active";"2017-09-18 09:30:00";"2017-09-18 18:00:00";"0";"9h30/18h Eurexpo|Aux abords du complexe|Le 18 septembre
Salon Hexagone
Risque de perturbations";"bothWays";"CHASSIEU";"";"strike";"";"";"";"";"";"CRITER";"70451";"2017-09-08 17:29:01";"2017-09-08 17:29:30";"nonLinkedPoint";""
"Criter13466424";"noRestriction";"real";"Activities";"";"2017-09-04 17:04:20";"2017-09-17 09:30:00";"3";"2017-09-04 17:12:56";"2017-09-04 17:04:20";"certain";"active";"2017-09-17 09:30:00";"2017-09-17 19:00:00";"0";"9h30/19h Eurexpo|Aux abords du complexe|Les 17 et 18 septembre
Salon hexagone
Risque de perturbations";"bothWays";"CHASSIEU";"";"strike";"";"";"";"";"";"CRITER";"70450";"2017-09-08 17:29:01";"2017-09-08 17:29:30";"nonLinkedPoint";""
"Criter13489861";"noRestriction";"real";"NetworkManagement";"";"2017-09-08 10:42:44";"2017-09-11 21:00:44";"2";"2017-09-08 10:45:51";"2017-09-08 10:42:44";"certain";"active";"2017-09-11 21:00:44";"2017-09-12 06:00:44";"0";"21h/6h Tunnel Brotteaux-Servient|Ensemble de l'ouvrage|Du 11 au 13 septembre
Travaux d'entretien";"bothWays";"Tunnel Brotteaux-Servient";"TWG_ID:1092";"";"";"roadClosed";"";"";"";"CRITER";"70771";"2017-09-08 17:29:01";"2017-09-08 17:29:30";"nonLinkedPoint";""
"Criter13470138";"noRestriction";"real";"NetworkManagement";"";"2017-09-05 09:45:28";"2017-09-11 09:00:28";"3";"2017-09-05 09:51:13";"2017-09-05 09:45:28";"certain";"active";"2017-09-11 09:00:28";"2017-09-11 16:00:28";"0";"9h/16h Quai Lamartine - 2 sens|A hauteur de la rue Jules Ferry|Du 11 au 15 septembre inclus
Circulation alternée
Travaux de gaz";"bothWays";"FONTAINES-SUR-SAONE";"TWG_ID:1703;1704";"";"";"narrowLanes";"";"";"";"CRITER";"70522";"2017-09-08 17:29:01";"2017-09-08 17:29:30";"nonLinkedPoint";""
"Criter13492094";"noRestriction";"real";"AbnormalTraffic";"";"2017-09-08 16:20:50";"2017-09-08 16:20:50";"2";"2017-09-08 16:22:08";"2017-09-08 16:20:50";"certain";"active";"2017-09-08 16:20:50";"2017-09-08 23:59:59";"0";"A46 Sud -> Marseille, 2 km|A hauteur de Chasse-sur-Rhône";"bothWays";"A46 Sud";"TWG_ID:1035";"";"";"";"";"";"";"CRITER";"70795";"2017-09-08 17:29:01";"2017-09-08 17:29:30";"nonLinkedPoint";"stopAndGo"
"Criter13488777";"noRestriction";"real";"AbnormalTraffic";"";"2017-09-08 08:31:56";"2017-09-08 08:31:56";"4";"2017-09-08 12:48:46";"2017-09-08 08:31:56";"certain";"active";"2017-09-08 08:31:56";"2017-09-08 23:59:59";"0";"A7 -> Paris, 3 km|A l'entrée du tunnel sous Fourvière";"bothWays";"A7";"TWG_ID:115";"";"";"";"";"";"";"CRITER";"70779";"2017-09-08 17:29:01";"2017-09-08 17:29:30";"nonLinkedPoint";"queueingTraffic"
"Criter13471888";"noRestriction";"real";"NetworkManagement";"";"2017-09-05 16:15:28";"2017-09-18 09:00:28";"2";"2017-09-05 16:16:53";"2017-09-05 16:15:28";"certain";"active";"2017-09-18 09:00:28";"2017-09-18 16:00:28";"0";"9h/16h Pont de l'Ile Barbe|Ensemble de l'ouvrage|Le 18 septembre
Travaux d'entretien";"bothWays";"LYON-09";"TWG_ID:499;498";"";"";"roadClosed";"";"";"";"CRITER";"70531";"2017-09-08 17:29:01";"2017-09-08 17:29:30";"nonLinkedPoint";""
"Criter13454711";"noRestriction";"real";"NetworkManagement";"";"2017-09-01 14:41:27";"2017-09-12 08:00:33";"1";"2017-09-01 14:41:27";"2017-09-01 14:41:27";"certain";"active";"2017-09-12 08:00:33";"2017-09-12 17:00:33";"0";"8h/17h Cours Lafayette|Entre la rue Garibaldi et le boulevard Vivier Merle|Du 4 au 22 septembre
Travaux ligne de bus C3";"bothWays";"LYON-06";"TWG_ID:32";"";"";"narrowLanes";"";"";"";"CRITER";"70354";"2017-09-08 17:29:01";"2017-09-08 17:29:30";"nonLinkedPoint";""
"Criter13470141";"noRestriction";"real";"NetworkManagement";"";"2017-09-05 09:47:31";"2017-09-14 07:30:28";"5";"2017-09-05 09:50:59";"2017-09-05 09:47:31";"certain";"active";"2017-09-14 07:30:28";"2017-09-14 21:00:28";"0";"7h30/21h Quai Lamartine - 2 sens|A hauteur de la rue Jules Ferry|Le 14 septembre
Circulation alternée
Travaux de gaz";"bothWays";"FONTAINES-SUR-SAONE";"TWG_ID:1703;1704";"";"";"narrowLanes";"";"";"";"CRITER";"70525";"2017-09-08 17:29:01";"2017-09-08 17:29:30";"nonLinkedPoint";""
"Criter13470140";"noRestriction";"real";"NetworkManagement";"";"2017-09-05 09:47:31";"2017-09-13 09:00:28";"3";"2017-09-05 09:51:09";"2017-09-05 09:47:31";"certain";"active";"2017-09-13 09:00:28";"2017-09-13 16:00:28";"0";"9h/16h Quai Lamartine - 2 sens|A hauteur de la rue Jules Ferry|Du 11 au 15 septembre inclus
Circulation alternée
Travaux de gaz";"bothWays";"FONTAINES-SUR-SAONE";"TWG_ID:1703;1704";"";"";"narrowLanes";"";"";"";"CRITER";"70524";"2017-09-08 17:29:01";"2017-09-08 17:29:30";"nonLinkedPoint";""
"Criter13470142";"noRestriction";"real";"NetworkManagement";"";"2017-09-05 09:47:31";"2017-09-15 09:00:28";"4";"2017-09-05 09:51:02";"2017-09-05 09:47:31";"certain";"active";"2017-09-15 09:00:28";"2017-09-15 16:00:28";"0";"9h/16h Quai Lamartine - 2 sens|A hauteur de la rue Jules Ferry|Le 15 septembre inclus
Circulation alternée
Travaux de gaz";"bothWays";"FONTAINES-SUR-SAONE";"TWG_ID:1703;1704";"";"";"narrowLanes";"";"";"";"CRITER";"70526";"2017-09-08 17:29:01";"2017-09-08 17:29:30";"nonLinkedPoint";""
"Criter13477891";"noRestriction";"real";"NetworkManagement";"";"2017-09-06 15:06:00";"2017-09-14 15:00:00";"1";"2017-09-06 15:07:16";"2017-09-06 15:06:00";"certain";"active";"2017-09-14 15:00:00";"2017-09-15 01:00:00";"0";"15h/1h Place Raspail|Ensemble de la place|Le 14 septembre
Événement privé
Risque de perturbations";"bothWays";"LYON-07";"";"";"";"roadClosed";"";"";"";"CRITER";"70595";"2017-09-08 17:29:01";"2017-09-08 17:29:30";"nonLinkedPoint";""
"Criter13152881";"noRestriction";"real";"NetworkManagement";"";"2017-06-20 18:01:09";"2017-07-03 08:00:09";"2";"2017-06-20 18:03:03";"2017-06-20 18:01:09";"certain";"active";"2017-07-03 08:00:09";"2018-04-30 18:01:09";"0";"Rue Dussurgey|Entre la rue et l'allée d'Arsenal|Du 3 juillet à avril 2018
Travaux d'aménagement de voirie";"bothWays";"SAINT-FONS";"";"";"";"narrowLanes";"";"";"";"CRITER";"65757";"2017-09-08 17:29:01";"2017-09-08 17:29:30";"nonLinkedPoint";""
"Criter13415614";"noRestriction";"real";"NetworkManagement";"";"2017-08-22 09:27:08";"2017-09-17 09:00:58";"1";"2017-08-22 09:27:08";"2017-08-22 09:27:08";"certain";"active";"2017-09-17 09:00:58";"2017-09-17 16:00:58";"0";"9h/16h Rue de Bonnel|Entre le quai Augagneur et le cours de la Liberté|Jusqu'au 22 septembre
Travaux de voirie";"bothWays";"LYON-03";"TWG_ID:35";"";"";"narrowLanes";"";"";"";"CRITER";"69794";"2017-09-08 17:29:01";"2017-09-08 17:29:30";"nonLinkedPoint";""
"Criter13490206";"noRestriction";"real";"NetworkManagement";"";"2017-09-08 11:47:44";"2017-09-11 08:00:44";"1";"2017-09-08 11:49:05";"2017-09-08 11:47:44";"certain";"active";"2017-09-11 08:00:44";"2017-09-29 17:00:44";"0";"A466 - 2 sens|Ensemble de l'axe|Du 11 septembre à 8h au 29 septembre à 17h en continu
Travaux d'aménagement";"bothWays";"A466";"";"";"";"roadClosed";"";"";"";"CRITER";"70778";"2017-09-08 17:29:01";"2017-09-08 17:29:30";"nonLinkedPoint";""
"Criter13479455";"noRestriction";"real";"NetworkManagement";"";"2017-09-06 17:55:56";"2017-09-14 21:00:14";"1";"2017-09-06 17:55:57";"2017-09-06 17:55:56";"certain";"active";"2017-09-14 21:00:14";"2017-09-15 06:00:14";"0";"21h/6h Périphérique Nord - 2 sens|Ensemble de l'ouvrage|Du 11 au 15 septembre inclus
Travaux de mise aux normes de sécurité 
Suivre S10 -> Paris ou S11 -> Genève";"bothWays";"Périphérique Nord";"TWG_ID:136;141;135;140;134;139;133;138";"";"";"roadClosed";"";"";"";"CRITER";"70612";"2017-09-08 17:29:01";"2017-09-08 17:29:30";"nonLinkedPoint";""
"Criter13479454";"noRestriction";"real";"NetworkManagement";"";"2017-09-06 17:55:56";"2017-09-13 21:00:14";"1";"2017-09-06 17:55:56";"2017-09-06 17:55:56";"certain";"active";"2017-09-13 21:00:14";"2017-09-14 06:00:14";"0";"21h/6h Périphérique Nord - 2 sens|Ensemble de l'ouvrage|Du 11 au 15 septembre inclus
Travaux de mise aux normes de sécurité 
Suivre S10 -> Paris ou S11 -> Genève";"bothWays";"Périphérique Nord";"TWG_ID:136;141;135;140;134;139;133;138";"";"";"roadClosed";"";"";"";"CRITER";"70611";"2017-09-08 17:29:01";"2017-09-08 17:29:30";"nonLinkedPoint";""
"Criter13479456";"noRestriction";"real";"NetworkManagement";"";"2017-09-06 17:55:56";"2017-09-15 21:00:14";"1";"2017-09-06 17:55:57";"2017-09-06 17:55:56";"certain";"active";"2017-09-15 21:00:14";"2017-09-16 06:00:14";"0";"21h/6h Périphérique Nord - 2 sens|Ensemble de l'ouvrage|Du 11 au 15 septembre inclus
Travaux de mise aux normes de sécurité 
Suivre S10 -> Paris ou S11 -> Genève";"bothWays";"Périphérique Nord";"TWG_ID:136;141;135;140;134;139;133;138";"";"";"roadClosed";"";"";"";"CRITER";"70613";"2017-09-08 17:29:01";"2017-09-08 17:29:30";"nonLinkedPoint";""
"Criter13454719";"noRestriction";"real";"NetworkManagement";"";"2017-09-01 14:41:27";"2017-09-20 08:00:33";"1";"2017-09-01 14:41:27";"2017-09-01 14:41:27";"certain";"active";"2017-09-20 08:00:33";"2017-09-20 17:00:33";"0";"8h/17h Cours Lafayette|Entre la rue Garibaldi et le boulevard Vivier Merle|Du 4 au 22 septembre
Travaux ligne de bus C3";"bothWays";"LYON-06";"TWG_ID:32";"";"";"narrowLanes";"";"";"";"CRITER";"70362";"2017-09-08 17:29:01";"2017-09-08 17:29:30";"nonLinkedPoint";""
"Criter13489865";"noRestriction";"real";"NetworkManagement";"";"2017-09-08 10:44:00";"2017-09-11 21:00:00";"1";"2017-09-08 10:45:06";"2017-09-08 10:44:00";"certain";"active";"2017-09-11 21:00:00";"2017-09-12 06:00:00";"0";"21h/6h Tunnel Vivier Merle|Ensemble de l'ouvrage|Les 11 et 12 septembre
Travaux d'entretien";"bothWays";"Tunnel Vivier Merle";"TWG_ID:1097";"";"";"roadClosed";"";"";"";"CRITER";"70775";"2017-09-08 17:29:01";"2017-09-08 17:29:30";"nonLinkedPoint";""
"Criter13489866";"noRestriction";"real";"NetworkManagement";"";"2017-09-08 10:45:06";"2017-09-12 21:00:00";"1";"2017-09-08 10:45:06";"2017-09-08 10:45:06";"certain";"active";"2017-09-12 21:00:00";"2017-09-13 06:00:00";"0";"21h/6h Tunnel Vivier Merle|Ensemble de l'ouvrage|Les 11 et 12 septembre
Travaux d'entretien";"bothWays";"Tunnel Vivier Merle";"TWG_ID:1097";"";"";"roadClosed";"";"";"";"CRITER";"70776";"2017-09-08 17:29:01";"2017-09-08 17:29:30";"nonLinkedPoint";""
"Criter13415606";"noRestriction";"real";"NetworkManagement";"";"2017-08-22 09:27:08";"2017-09-09 09:00:58";"1";"2017-08-22 09:27:08";"2017-08-22 09:27:08";"certain";"active";"2017-09-09 09:00:58";"2017-09-09 16:00:58";"0";"9h/16h Rue de Bonnel|Entre le quai Augagneur et le cours de la Liberté|Jusqu'au 22 septembre
Travaux de voirie";"bothWays";"LYON-03";"TWG_ID:35";"";"";"narrowLanes";"";"";"";"CRITER";"69786";"2017-09-08 17:29:01";"2017-09-08 17:29:30";"nonLinkedPoint";""
"Criter13492095";"noRestriction";"real";"AbnormalTraffic";"";"2017-09-08 16:21:27";"2017-09-08 16:21:27";"1";"2017-09-08 16:22:04";"2017-09-08 16:21:27";"certain";"active";"2017-09-08 16:21:27";"2017-09-08 23:59:59";"0";"A7 -> Marseille, 2 km|A hauteur de Chasse-sur-Rhône";"bothWays";"A7";"TWG_ID:1085";"";"";"";"";"";"";"CRITER";"70796";"2017-09-08 17:29:01";"2017-09-08 17:29:30";"nonLinkedPoint";"stopAndGo"
"Criter13454710";"noRestriction";"real";"NetworkManagement";"";"2017-09-01 14:41:27";"2017-09-11 08:00:33";"1";"2017-09-01 14:41:27";"2017-09-01 14:41:27";"certain";"active";"2017-09-11 08:00:33";"2017-09-11 17:00:33";"0";"8h/17h Cours Lafayette|Entre la rue Garibaldi et le boulevard Vivier Merle|Du 4 au 22 septembre
Travaux ligne de bus C3";"bothWays";"LYON-06";"TWG_ID:32";"";"";"narrowLanes";"";"";"";"CRITER";"70353";"2017-09-08 17:29:01";"2017-09-08 17:29:30";"nonLinkedPoint";""
"Criter13434680";"noRestriction";"real";"Activities";"";"2017-08-28 18:43:07";"2017-09-17 09:00:07";"1";"2017-08-28 18:44:35";"2017-08-28 18:43:07";"certain";"active";"2017-09-17 09:00:07";"2017-09-17 18:00:07";"0";"Double Mixte|Aux abords du complexe|Les 17 et 18 septembre
Rencontre Nationale de la Torréfaction
Risque de perturbations";"bothWays";"VILLEURBANNE";"";"strike";"";"";"";"";"";"CRITER";"70072";"2017-09-08 17:29:01";"2017-09-08 17:29:30";"nonLinkedPoint";""
"Criter13433260";"noRestriction";"real";"Activities";"";"2017-08-28 15:41:17";"2017-09-20 20:30:14";"2";"2017-08-28 15:41:35";"2017-08-28 15:41:17";"certain";"active";"2017-09-20 20:30:14";"2017-09-20 23:00:14";"0";"20h30 Radiant Bellevue|Aux abords de la salle|Le 20 septembre
Spectacle Vincent Dedienne
Risque de perturbations";"bothWays";"CALUIRE-ET-CUIRE";"";"";"";"";"majorEvent";"";"";"CRITER";"70042";"2017-09-08 17:29:01";"2017-09-08 17:29:30";"nonLinkedPoint";""
"Criter13422893";"noRestriction";"real";"NetworkManagement";"";"2017-08-24 15:37:34";"2017-09-10 07:00:34";"1";"2017-08-24 15:39:04";"2017-08-24 15:37:34";"certain";"active";"2017-09-10 07:00:34";"2017-09-10 13:00:34";"0";"7h/13h Rue François Mermet et avenue Maréchal Foch|Ensemble des axes|Le 10 septembre
10km de l'Horloge
Risque de perturbations";"bothWays";"TASSIN-LA-DEMI-LUNE";"TWG_ID:1178;1179;1177;1176;2258;2259";"";"";"roadClosed";"";"";"";"CRITER";"69904";"2017-09-08 17:29:01";"2017-09-08 17:29:30";"nonLinkedPoint";""
"Criter13448311";"noRestriction";"real";"NetworkManagement";"";"2017-08-31 15:08:04";"2017-09-08 21:00:56";"1";"2017-08-31 15:08:04";"2017-08-31 15:08:04";"certain";"active";"2017-09-08 21:00:56";"2017-09-09 06:00:56";"0";"21h/6h Périphérique Nord - 2 sens|Sous l'ensemble des trois tunnels|Du 4 au 8 septembre inclus
Travaux de mise aux normes";"bothWays";"Périphérique Nord";"TWG_ID:136;141;135;140;134;139;133;138;137";"";"";"roadClosed";"";"";"";"CRITER";"70259";"2017-09-08 17:29:01";"2017-09-08 17:29:30";"nonLinkedPoint";""
"Criter13415607";"noRestriction";"real";"NetworkManagement";"";"2017-08-22 09:27:08";"2017-09-10 09:00:58";"1";"2017-08-22 09:27:08";"2017-08-22 09:27:08";"certain";"active";"2017-09-10 09:00:58";"2017-09-10 16:00:58";"0";"9h/16h Rue de Bonnel|Entre le quai Augagneur et le cours de la Liberté|Jusqu'au 22 septembre
Travaux de voirie";"bothWays";"LYON-03";"TWG_ID:35";"";"";"narrowLanes";"";"";"";"CRITER";"69787";"2017-09-08 17:29:01";"2017-09-08 17:29:30";"nonLinkedPoint";""
"Criter13471327";"noRestriction";"real";"Activities";"";"2017-09-05 14:20:38";"2017-09-10 09:00:38";"1";"2017-09-05 14:22:44";"2017-09-05 14:20:38";"certain";"active";"2017-09-10 09:00:38";"2017-09-10 18:00:38";"0";"9h/18h Montée de la Grande-Côte et Pentes de la Croix-Rousse|Ensemble des axes|Le 10 septembre
Vide-greniers des Pentes/Capucins
Risque de perturbations";"bothWays";"LYON-01";"";"strike";"";"";"";"";"";"CRITER";"70529";"2017-09-08 17:29:01";"2017-09-08 17:29:30";"nonLinkedPoint";""
"Criter13467172";"noRestriction";"real";"Activities";"";"2017-09-04 17:56:00";"2017-09-16 18:00:00";"2";"2017-09-04 18:08:45";"2017-09-04 17:56:00";"certain";"active";"2017-09-16 18:00:00";"2017-09-16 21:00:00";"0";"18h Matmut Stadium de Gerland|Aux abords du stade|Le 16 septembre
Match LOU / Bordeaux Bègles
Risque de perturbations";"bothWays";"LYON-07";"";"";"";"";"sportsMeeting";"";"";"CRITER";"70465";"2017-09-08 17:29:01";"2017-09-08 17:29:30";"nonLinkedPoint";""
"Criter13374554";"noRestriction";"real";"NetworkManagement";"";"2017-08-02 10:10:30";"2017-09-08 16:00:30";"2";"2017-08-02 10:11:31";"2017-08-02 10:10:30";"certain";"active";"2017-09-08 16:00:30";"2017-09-08 19:00:30";"0";"16h/19h Rue Roger Radisson|Aux abords de l'axe|Le 8 septembre
Rassemblement";"bothWays";"LYON-05";"";"";"";"roadClosed";"";"";"";"CRITER";"69262";"2017-09-08 17:29:01";"2017-09-08 17:29:30";"nonLinkedPoint";""
"Criter13154991";"noRestriction";"real";"NetworkManagement";"";"2017-06-21 07:35:01";"2017-07-10 08:00:01";"3";"2017-08-01 14:40:09";"2017-06-21 07:35:01";"certain";"active";"2017-07-10 08:00:01";"2017-10-13 18:00:01";"0";"Avenue Jean Mermoz|Entre la rue Claude Violet et la rue Professeur Morat|Du 10 juillet au 13 octobre inclus
Travaux Tramway T6";"bothWays";"LYON-08";"TWG_ID:293;292";"";"";"narrowLanes";"";"";"";"CRITER";"65826";"2017-09-08 17:29:01";"2017-09-08 17:29:30";"nonLinkedPoint";""
"Criter13401409";"noRestriction";"real";"NetworkManagement";"";"2017-08-14 13:59:00";"2017-09-17 09:00:00";"2";"2017-08-14 14:00:19";"2017-08-14 13:59:00";"certain";"active";"2017-09-17 09:00:00";"2017-09-17 15:00:00";"0";"9h/15h Rue Louis Fort|A l'Est de la rue des Bienvenus|Le 17 septembre
Fête de quartier";"bothWays";"VILLEURBANNE";"";"";"";"roadClosed";"";"";"";"CRITER";"69585";"2017-09-08 17:29:01";"2017-09-08 17:29:30";"nonLinkedPoint";""
"Criter13442916";"noRestriction";"real";"NetworkManagement";"";"2017-08-30 15:24:22";"2017-09-17 05:00:38";"2";"2017-08-30 15:25:05";"2017-08-30 15:24:22";"certain";"active";"2017-09-17 05:00:38";"2017-09-17 22:00:38";"0";"5h/22h Grande Rue de la Croix-Rousse|Aux abords de l'axe|Le 17 septembre
Braderie de la Croix-Rousse";"bothWays";"LYON-04";"TWG_ID:600;602;601";"";"";"roadClosed";"";"";"";"CRITER";"70185";"2017-09-08 17:29:01";"2017-09-08 17:29:30";"nonLinkedPoint";""
"Criter13491431";"noRestriction";"real";"NetworkManagement";"";"2017-09-08 14:57:54";"2017-09-12 11:00:54";"1";"2017-09-08 14:59:37";"2017-09-08 14:57:54";"certain";"active";"2017-09-12 11:00:54";"2017-09-12 16:00:54";"0";"11h Départ : Manufacture des Tabacs|Arrivée : place Bellecour|Le 12 septembre
Manifestation sociale
Risque de perturbations";"bothWays";"LYON-08";"TWG_ID:466;467;407;397;398;399;400;563;562;620";"";"";"roadClosed";"";"";"";"CRITER";"70783";"2017-09-08 17:29:01";"2017-09-08 17:29:30";"nonLinkedPoint";""
"Criter13491727";"noRestriction";"real";"AbnormalTraffic";"";"2017-09-08 15:43:25";"2017-09-08 15:43:25";"1";"2017-09-08 15:43:45";"2017-09-08 15:43:25";"certain";"active";"2017-09-08 15:43:25";"2017-09-08 23:59:59";"0";"A46 Sud -> Marseille, 2 km|A hauteur de Saint-Priest";"bothWays";"A46 Sud";"TWG_ID:174";"";"";"";"";"";"";"CRITER";"70789";"2017-09-08 17:29:01";"2017-09-08 17:29:30";"nonLinkedPoint";"stopAndGo"
"Criter13491851";"noRestriction";"real";"AbnormalTraffic";"";"2017-09-08 15:54:42";"2017-09-08 15:54:42";"3";"2017-09-08 16:54:56";"2017-09-08 15:54:42";"certain";"active";"2017-09-08 15:54:42";"2017-09-08 23:59:59";"0";"Périphérique L. Bonnevay -> Paris, 8 km|Entre la porte des Etats-Unis et Croix-Luizet";"bothWays";"Périphérique L. Bonnevay";"TWG_ID:156";"";"";"";"";"";"";"CRITER";"70792";"2017-09-08 17:29:01";"2017-09-08 17:29:30";"nonLinkedPoint";"stopAndGo"
"Criter13492325";"noRestriction";"real";"AbnormalTraffic";"";"2017-09-08 16:36:11";"2017-09-08 16:36:11";"1";"2017-09-08 16:37:18";"2017-09-08 16:36:11";"certain";"active";"2017-09-08 16:36:11";"2017-09-08 23:59:59";"0";"Rocade Est -> Paris, 3 km|A hauteur de Chassieu";"bothWays";"Rocade Est";"TWG_ID:187";"";"";"";"";"";"";"CRITER";"70798";"2017-09-08 17:29:01";"2017-09-08 17:29:30";"nonLinkedPoint";"stopAndGo"
"Criter13492555";"noRestriction";"real";"AbnormalTraffic";"";"2017-09-08 16:54:00";"2017-09-08 16:54:00";"1";"2017-09-08 16:54:24";"2017-09-08 16:54:00";"certain";"active";"2017-09-08 16:54:00";"2017-09-08 23:59:59";"0";"A7 -> Paris, 2 km|A hauteur de Saint-Fons";"bothWays";"A7";"TWG_ID:1080";"";"";"";"";"";"";"CRITER";"70802";"2017-09-08 17:29:01";"2017-09-08 17:29:30";"nonLinkedPoint";"stopAndGo"
"Criter13492728";"noRestriction";"real";"NetworkManagement";"";"2017-09-08 17:08:22";"2017-09-08 17:08:22";"1";"2017-09-08 17:09:00";"2017-09-08 17:08:22";"certain";"active";"2017-09-08 17:08:22";"2017-09-08 23:59:59";"0";"A46 Sud -> Marseille|A hauteur de Communay|Accident";"bothWays";"A46 Sud";"TWG_ID:1035";"";"";"narrowLanes";"";"";"";"CRITER";"70805";"2017-09-08 17:29:01";"2017-09-08 17:29:30";"nonLinkedPoint";""
"Criter13084912";"noRestriction";"real";"NetworkManagement";"";"2017-06-09 14:40:17";"2017-06-13 06:00:17";"9";"2017-08-09 08:09:30";"2017-06-09 14:40:17";"certain";"active";"2017-06-13 06:00:17";"2017-09-15 17:00:17";"0";"Cours Suchet -> Ouest|Entre le quai Perrache et le cours Charlemagne|Jusqu'au 15 septembre
Travaux d'aménagements";"bothWays";"LYON-02";"TWG_ID:630";"";"";"roadClosed";"";"";"";"CRITER";"69432";"2017-09-08 17:29:01";"2017-09-08 17:29:30";"nonLinkedPoint";""
"Criter13442915";"noRestriction";"real";"NetworkManagement";"";"2017-08-30 15:17:38";"2017-09-16 05:00:38";"2";"2017-08-30 15:24:57";"2017-08-30 15:17:38";"certain";"active";"2017-09-16 05:00:38";"2017-09-16 22:00:38";"0";"5h/22h Grande Rue de la Croix-Rousse|Aux abords de l'axe|Le 16 septembre
Braderie de la Croix-Rousse";"bothWays";"LYON-04";"TWG_ID:600;602;601";"";"";"roadClosed";"";"";"";"CRITER";"70184";"2017-09-08 17:29:01";"2017-09-08 17:29:30";"nonLinkedPoint";""
"Criter13433853";"noRestriction";"real";"Activities";"";"2017-08-28 17:17:10";"2017-09-23 20:00:10";"2";"2017-08-28 17:20:28";"2017-08-28 17:17:10";"certain";"active";"2017-09-23 20:00:10";"2017-09-23 23:00:10";"0";"20h Bourse du Travail|Aux abords de la salle|Le 23 septembre
Concert Sylvie Vartan
Risque de perturbations";"bothWays";"LYON-03";"";"";"";"";"majorEvent";"";"";"CRITER";"70069";"2017-09-08 17:29:01";"2017-09-08 17:29:30";"nonLinkedPoint";""
"Criter13466952";"noRestriction";"real";"Activities";"";"2017-09-04 17:47:32";"2017-09-15 06:00:00";"2";"2017-09-04 17:48:14";"2017-09-04 17:47:32";"certain";"active";"2017-09-15 06:00:00";"2017-09-15 21:00:00";"0";"6h/21h Rue Thimonnier|Aux abords de l'axe|Le 15 septembre
Tournage 
Risque de perturbations durant les prises de vue";"bothWays";"LYON-01";"TWG_ID:599";"";"";"";"majorEvent";"";"";"CRITER";"70457";"2017-09-08 17:29:01";"2017-09-08 17:29:30";"nonLinkedPoint";""
"Criter13436439";"noRestriction";"real";"NetworkManagement";"";"2017-08-29 09:17:27";"2017-09-10 07:30:27";"1";"2017-08-29 09:18:33";"2017-08-29 09:17:27";"certain";"active";"2017-09-10 07:30:27";"2017-09-10 14:00:27";"0";"7h30/14h Pont Bonaparte -> Ouest|Ensemble de l'ouvrage|Le 10 septembre
Lyon Free Bike
Risque de perturbations";"bothWays";"LYON-05";"TWG_ID:667";"";"";"roadClosed";"";"";"";"CRITER";"70114";"2017-09-08 17:29:01";"2017-09-08 17:29:30";"nonLinkedPoint";""
"Criter12360400";"noRestriction";"real";"NetworkManagement";"";"2017-01-30 16:47:22";"2017-01-30 16:47:22";"7";"2017-04-03 13:28:25";"2017-01-30 16:47:22";"certain";"active";"2017-01-30 16:47:22";"2018-02-15 18:00:00";"0";"Quai Pêcherie -> Sud |Ensemble de l'axe|Jusqu'à février 2018
Travaux d'assainissement";"bothWays";"LYON-01";"TWG_ID:514";"";"";"narrowLanes";"";"";"";"CRITER";"61803";"2017-09-08 17:29:01";"2017-09-08 17:29:30";"nonLinkedPoint";""
"Criter13152188";"noRestriction";"real";"NetworkManagement";"";"2017-06-20 17:19:37";"2017-06-20 17:19:37";"2";"2017-06-20 17:20:44";"2017-06-20 17:19:37";"certain";"active";"2017-06-20 17:19:37";"2017-09-29 18:00:59";"0";"Rue Pionchon|Ensemble de l'axe|Jusque fin septembre
Travaux d'aménagements de l'espace public";"bothWays";"LYON-03";"";"";"";"narrowLanes";"";"";"";"CRITER";"65739";"2017-09-08 17:29:01";"2017-09-08 17:29:30";"nonLinkedPoint";""
"Criter13433754";"noRestriction";"real";"Activities";"";"2017-08-28 17:08:47";"2017-09-15 20:00:50";"2";"2017-08-28 17:09:29";"2017-08-28 17:08:47";"certain";"active";"2017-09-15 20:00:50";"2017-09-15 23:00:50";"0";"20h Transbordeur|Aux abords de la salle|Le 15 septembre
Danger
Risque de perturbations";"bothWays";"VILLEURBANNE";"";"";"";"";"majorEvent";"";"";"CRITER";"70066";"2017-09-08 17:29:01";"2017-09-08 17:29:30";"nonLinkedPoint";""
"Criter13433755";"noRestriction";"real";"Activities";"";"2017-08-28 17:08:47";"2017-09-16 20:00:50";"2";"2017-08-28 17:09:55";"2017-08-28 17:08:47";"certain";"active";"2017-09-16 20:00:50";"2017-09-16 23:00:50";"0";"20h Transbordeur|Aux abords de la salle|Le 16 septembre
Hakim
Risque de perturbations";"bothWays";"VILLEURBANNE";"";"";"";"";"majorEvent";"";"";"CRITER";"70067";"2017-09-08 17:29:01";"2017-09-08 17:29:30";"nonLinkedPoint";""
"Criter13433751";"noRestriction";"real";"Activities";"";"2017-08-28 17:02:50";"2017-09-12 20:00:50";"1";"2017-08-28 17:08:47";"2017-08-28 17:02:50";"certain";"active";"2017-09-12 20:00:50";"2017-09-12 23:00:50";"0";"20h Transbordeur|Aux abords de la salle|Le 12 septembre
Portugal The Man
Risque de perturbations";"bothWays";"VILLEURBANNE";"";"";"";"";"majorEvent";"";"";"CRITER";"70063";"2017-09-08 17:29:01";"2017-09-08 17:29:30";"nonLinkedPoint";""
"Criter13305133";"noRestriction";"real";"Activities";"";"2017-07-17 15:56:09";"2017-09-30 12:00:09";"2";"2017-07-17 15:57:27";"2017-07-17 15:56:09";"certain";"active";"2017-09-30 12:00:09";"2017-09-30 20:00:09";"0";"12h/20h Boulevard Emile Zola|A hauteur de la rue Charles Fourrier|Le 30 septembre
Inauguration";"bothWays";"OULLINS";"TWG_ID:1145";"";"";"";"majorEvent";"";"";"CRITER";"68276";"2017-09-08 17:29:01";"2017-09-08 17:29:30";"nonLinkedPoint";""
"Criter13374422";"noRestriction";"real";"NetworkManagement";"";"2017-08-02 09:31:40";"2017-09-10 08:00:40";"4";"2017-08-02 09:58:37";"2017-08-02 09:31:40";"certain";"active";"2017-09-10 08:00:40";"2017-09-10 19:00:40";"0";"8h/19h Rue des Capucins|Circulation interdite sur de nombreux axes du quartier|Le 10 septembre
Vide-grenier";"bothWays";"LYON-01";"";"";"";"roadClosed";"";"";"";"CRITER";"69252";"2017-09-08 17:29:01";"2017-09-08 17:29:30";"nonLinkedPoint";""
"Criter13434682";"noRestriction";"real";"Activities";"";"2017-08-28 18:45:08";"2017-09-20 10:00:08";"1";"2017-08-28 18:46:12";"2017-08-28 18:45:08";"certain";"active";"2017-09-20 10:00:08";"2018-01-07 18:00:08";"0";"La Sucrière|Aux abords du complexe|Du 20 septembre au 7 janvier
Biennale de Lyon
Risque de perturbations";"bothWays";"LYON-02";"";"strike";"";"";"";"";"";"CRITER";"70074";"2017-09-08 17:29:01";"2017-09-08 17:29:30";"nonLinkedPoint";""
"Criter13433261";"noRestriction";"real";"Activities";"";"2017-08-28 15:41:17";"2017-09-21 20:00:00";"2";"2017-08-28 15:42:13";"2017-08-28 15:41:17";"certain";"active";"2017-09-21 20:00:00";"2017-09-21 22:30:00";"0";"20h Radiant Bellevue|Aux abords de la salle|Le 21 septembre
Concert Charlelie Couture
Risque de perturbations";"bothWays";"CALUIRE-ET-CUIRE";"";"";"";"";"majorEvent";"";"";"CRITER";"70043";"2017-09-08 17:29:01";"2017-09-08 17:29:30";"nonLinkedPoint";""
"Criter13433262";"noRestriction";"real";"Activities";"";"2017-08-28 15:41:17";"2017-09-25 20:30:00";"2";"2017-08-28 15:43:57";"2017-08-28 15:41:17";"certain";"active";"2017-09-25 20:30:00";"2017-09-25 23:00:14";"0";"20h30 Radiant Bellevue|Aux abords de la salle|Le 25 septembre
Spectacle Vincent Dedienne
Risque de perturbations";"bothWays";"CALUIRE-ET-CUIRE";"";"";"";"";"majorEvent";"";"";"CRITER";"70044";"2017-09-08 17:29:01";"2017-09-08 17:29:30";"nonLinkedPoint";""
"Criter13433263";"noRestriction";"real";"Activities";"";"2017-08-28 15:41:17";"2017-09-26 20:30:00";"2";"2017-08-28 15:44:27";"2017-08-28 15:41:17";"certain";"active";"2017-09-26 20:30:00";"2017-09-26 23:00:14";"0";"20h30 Radiant Bellevue|Aux abords de la salle|Le 26 septembre
Spectacle Vincent Dedienne
Risque de perturbations";"bothWays";"CALUIRE-ET-CUIRE";"";"";"";"";"majorEvent";"";"";"CRITER";"70045";"2017-09-08 17:29:01";"2017-09-08 17:29:30";"nonLinkedPoint";""
"Criter13433259";"noRestriction";"real";"Activities";"";"2017-08-28 15:39:14";"2017-09-19 20:30:14";"1";"2017-08-28 15:41:17";"2017-08-28 15:39:14";"certain";"active";"2017-09-19 20:30:14";"2017-09-19 23:00:14";"0";"20h30 Radiant Bellevue|Aux abords de la salle|Le 19 septembre
Spectacle Vincent Dedienne
Risque de perturbations";"bothWays";"CALUIRE-ET-CUIRE";"";"";"";"";"majorEvent";"";"";"CRITER";"70041";"2017-09-08 17:29:01";"2017-09-08 17:29:30";"nonLinkedPoint";""
"Criter13422891";"noRestriction";"real";"NetworkManagement";"";"2017-08-24 15:35:59";"2017-09-10 07:00:59";"1";"2017-08-24 15:37:09";"2017-08-24 15:35:59";"certain";"active";"2017-09-10 07:00:59";"2017-09-10 13:00:59";"0";"7h/13h Avenues de la République et Charles de Gaulle - 2 sens|Ensemble des axes|Le 10 septembre
10km de l'Horloge
Risque de perturbations";"bothWays";"TASSIN-LA-DEMI-LUNE";"TWG_ID:714;715;1114;1113;1112;1111;1163;1162";"";"";"roadClosed";"";"";"";"CRITER";"69902";"2017-09-08 17:29:01";"2017-09-08 17:29:30";"nonLinkedPoint";""
"Criter13479453";"noRestriction";"real";"NetworkManagement";"";"2017-09-06 17:55:56";"2017-09-12 21:00:14";"1";"2017-09-06 17:55:56";"2017-09-06 17:55:56";"certain";"active";"2017-09-12 21:00:14";"2017-09-13 06:00:14";"0";"21h/6h Périphérique Nord - 2 sens|Ensemble de l'ouvrage|Du 11 au 15 septembre inclus
Travaux de mise aux normes de sécurité 
Suivre S10 -> Paris ou S11 -> Genève";"bothWays";"Périphérique Nord";"TWG_ID:136;141;135;140;134;139;133;138";"";"";"roadClosed";"";"";"";"CRITER";"70610";"2017-09-08 17:29:01";"2017-09-08 17:29:30";"nonLinkedPoint";""
"Criter13479452";"noRestriction";"real";"NetworkManagement";"";"2017-09-06 17:53:14";"2017-09-11 21:00:14";"1";"2017-09-06 17:55:56";"2017-09-06 17:53:14";"certain";"active";"2017-09-11 21:00:14";"2017-09-12 06:00:14";"0";"21h/6h Périphérique Nord - 2 sens|Ensemble de l'ouvrage|Du 11 au 15 septembre inclus
Travaux de mise aux normes de sécurité 
Suivre S10 -> Paris ou S11 -> Genève";"bothWays";"Périphérique Nord";"TWG_ID:136;141;135;140;134;139;133;138";"";"";"roadClosed";"";"";"";"CRITER";"70609";"2017-09-08 17:29:01";"2017-09-08 17:29:30";"nonLinkedPoint";""
"Criter12731095";"noRestriction";"real";"NetworkManagement";"";"2017-04-06 11:25:26";"2017-04-10 08:00:26";"2";"2017-04-06 11:28:51";"2017-04-06 11:25:26";"certain";"active";"2017-04-10 08:00:26";"2017-10-15 17:00:00";"0";"Quai Saint-Vincent|Au Nord du pont La Feuillée|Jusqu'au 15 octobre
Travaux d'assainissement";"bothWays";"LYON-01";"TWG_ID:511";"";"";"narrowLanes";"";"";"";"CRITER";"61817";"2017-09-08 17:29:01";"2017-09-08 17:29:30";"nonLinkedPoint";""
"Criter13442610";"noRestriction";"real";"NetworkManagement";"";"2017-08-30 14:30:07";"2017-09-01 08:00:07";"5";"2017-09-04 06:32:25";"2017-08-30 14:30:07";"certain";"active";"2017-09-01 08:00:07";"2017-10-31 18:00:07";"0";"Cours Lafayette -> Villeurbanne|Entre l'avenue de Saxe et la rue Garibaldi|Jusqu'au 30 octobre inclus
Travaux ligne de bus C3";"bothWays";"LYON-06";"TWG_ID:31";"";"";"narrowLanes";"";"";"";"CRITER";"70179";"2017-09-08 17:29:01";"2017-09-08 17:29:30";"nonLinkedPoint";""
"Criter13432155";"noRestriction";"real";"NetworkManagement";"";"2017-08-28 10:18:27";"2017-09-09 09:00:27";"2";"2017-08-28 10:20:36";"2017-08-28 10:18:27";"certain";"active";"2017-09-09 09:00:27";"2017-09-09 19:00:27";"0";"9h/19h Avenue Adolphe Max|Aux abords de l'axe|Les 9 et 10 septembre
Foire aux Tupiniers
Risque de perturbations dans le Vieux-Lyon
";"bothWays";"LYON-05";"";"";"";"roadClosed";"";"";"";"CRITER";"70028";"2017-09-08 17:29:01";"2017-09-08 17:29:30";"nonLinkedPoint";""
"Criter13436405";"noRestriction";"real";"Activities";"";"2017-08-29 09:15:08";"2017-09-10 06:30:08";"1";"2017-08-29 09:16:13";"2017-08-29 09:15:08";"certain";"active";"2017-09-10 06:30:08";"2017-09-10 13:00:08";"0";"6h30 Départ : Parc de Gerland|Arrivée Parc de Gerland|Le 10 septembre
Lyon Free Bike
Risque de perturbations";"bothWays";"LYON-07";"";"";"";"";"sportsMeeting";"";"";"CRITER";"70113";"2017-09-08 17:29:01";"2017-09-08 17:29:30";"nonLinkedPoint";""
"Criter13442806";"noRestriction";"real";"NetworkManagement";"";"2017-08-30 15:04:05";"2017-09-17 11:00:05";"2";"2017-08-30 15:07:39";"2017-08-30 15:04:05";"certain";"active";"2017-09-17 11:00:05";"2017-09-17 19:00:05";"0";"11h/19h Place Bellecour|Aux abords de la place|Le 17 septembre
Lugdunum Roller Contest";"bothWays";"LYON-02";"TWG_ID:621;622;623;620;2213;2214;562";"";"";"roadClosed";"";"";"";"CRITER";"70183";"2017-09-08 17:29:01";"2017-09-08 17:29:30";"nonLinkedPoint";""
"Criter13433264";"noRestriction";"real";"Activities";"";"2017-08-28 15:41:17";"2017-09-28 20:00:04";"2";"2017-08-28 15:45:42";"2017-08-28 15:41:17";"certain";"active";"2017-09-28 20:00:04";"2017-09-28 22:30:00";"0";"20h Radiant Bellevue|Aux abords de la salle|Le 28 septembre
Concert Lacrim
Risque de perturbations";"bothWays";"CALUIRE-ET-CUIRE";"";"";"";"";"majorEvent";"";"";"CRITER";"70046";"2017-09-08 17:29:01";"2017-09-08 17:29:30";"nonLinkedPoint";""
"Criter13433265";"noRestriction";"real";"Activities";"";"2017-08-28 15:41:17";"2017-09-29 20:00:00";"2";"2017-08-28 15:46:33";"2017-08-28 15:41:17";"certain";"active";"2017-09-29 20:00:00";"2017-09-29 22:30:00";"0";"20h Radiant Bellevue|Aux abords de la salle|Le 29 septembre
Spectacle Max Bird
Risque de perturbations";"bothWays";"CALUIRE-ET-CUIRE";"";"";"";"";"majorEvent";"";"";"CRITER";"70047";"2017-09-08 17:29:01";"2017-09-08 17:29:30";"nonLinkedPoint";""
"Criter13433752";"noRestriction";"real";"Activities";"";"2017-08-28 17:08:47";"2017-09-30 20:00:50";"2";"2017-08-28 17:14:06";"2017-08-28 17:08:47";"certain";"active";"2017-09-30 20:00:50";"2017-09-30 23:00:50";"0";"20h Transbordeur|Aux abords de la salle|Le 30 septembre
Le Peuple de l'Herbe
Risque de perturbations";"bothWays";"VILLEURBANNE";"";"";"";"";"majorEvent";"";"";"CRITER";"70064";"2017-09-08 17:29:01";"2017-09-08 17:29:30";"nonLinkedPoint";""
"Criter13374529";"noRestriction";"real";"NetworkManagement";"";"2017-08-02 10:04:08";"2017-09-10 04:00:08";"2";"2017-08-02 10:05:17";"2017-08-02 10:04:08";"certain";"active";"2017-09-10 04:00:08";"2017-09-10 20:00:08";"0";"4h/20h Quai des Martyrs du 8 Février 1962|Aux abords de l'axe|Le 10 septembre
Vide-grenier";"bothWays";"GIVORS";"";"";"";"roadClosed";"";"";"";"CRITER";"69259";"2017-09-08 17:29:01";"2017-09-08 17:29:30";"nonLinkedPoint";""
"Criter13433753";"noRestriction";"real";"Activities";"";"2017-08-28 17:08:47";"2017-09-09 23:00:00";"2";"2017-08-28 17:16:05";"2017-08-28 17:08:47";"certain";"active";"2017-09-09 23:00:00";"2017-09-10 02:00:00";"0";"23h Transbordeur|Aux abords de la salle|Le 9 septembre
Wa Are Reality Ellum
Risque de perturbations";"bothWays";"VILLEURBANNE";"";"";"";"";"majorEvent";"";"";"CRITER";"70065";"2017-09-08 17:29:01";"2017-09-08 17:29:30";"nonLinkedPoint";""
"Criter13436404";"noRestriction";"real";"Activities";"";"2017-08-29 09:13:39";"2017-09-09 09:00:39";"1";"2017-08-29 09:15:06";"2017-08-29 09:13:39";"certain";"active";"2017-09-09 09:00:39";"2017-09-09 18:00:39";"0";"9h/18h Parc de Gerland|Aux abords du parc|Les 9 et 10 septembre
Lyon Free Bike
Risque de perturbations";"bothWays";"LYON-07";"";"";"";"";"sportsMeeting";"";"";"CRITER";"70112";"2017-09-08 17:29:01";"2017-09-08 17:29:30";"nonLinkedPoint";""
"Criter13084873";"noRestriction";"real";"NetworkManagement";"";"2017-06-09 14:36:38";"2017-06-13 06:00:38";"3";"2017-06-28 08:01:52";"2017-06-09 14:36:38";"certain";"active";"2017-06-13 06:00:38";"2017-09-15 17:00:38";"0";"Cours Suchet -> Est|Entre le quai Rambaud et le cours Charlemagne|Jusqu'au 15 septembre
Travaux d'aménagements";"bothWays";"LYON-02";"TWG_ID:633";"";"";"roadClosed";"";"";"";"CRITER";"66454";"2017-09-08 17:29:01";"2017-09-08 17:29:30";"nonLinkedPoint";""
"Criter13464860";"noRestriction";"real";"Activities";"";"2017-09-04 13:01:58";"2017-09-10 17:00:58";"1";"2017-09-04 13:03:26";"2017-09-04 13:01:58";"certain";"active";"2017-09-10 17:00:58";"2017-09-10 20:00:58";"0";"17h Groupama Stadium|Risque de perturbations aux abords du stade|Le 10 septembre
Match OL / Guingamp
Privilégier l'accès en transports en commun";"bothWays";"DECINES-CHARPIEU";"";"";"";"";"sportsMeeting";"";"";"CRITER";"70434";"2017-09-08 17:29:01";"2017-09-08 17:29:30";"nonLinkedPoint";""
"Criter13456845";"noRestriction";"real";"NetworkManagement";"";"2017-09-01 18:09:16";"2017-09-11 21:30:30";"1";"2017-09-01 18:09:16";"2017-09-01 18:09:16";"certain";"active";"2017-09-11 21:30:30";"2017-09-12 05:00:30";"0";"21h30/5h Pont Koenig -> Lyon 9|Ensemble de l'ouvrage|Du 4 au 15 septembre
Travaux de voirie";"bothWays";"LYON-09";"TWG_ID:537";"";"";"roadClosed";"";"";"";"CRITER";"70389";"2017-09-08 17:29:01";"2017-09-08 17:29:30";"nonLinkedPoint";""
"Criter13456844";"noRestriction";"real";"NetworkManagement";"";"2017-09-01 18:09:16";"2017-09-10 21:30:30";"1";"2017-09-01 18:09:16";"2017-09-01 18:09:16";"certain";"active";"2017-09-10 21:30:30";"2017-09-11 05:00:30";"0";"21h30/5h Pont Koenig -> Lyon 9|Ensemble de l'ouvrage|Du 4 au 15 septembre
Travaux de voirie";"bothWays";"LYON-09";"TWG_ID:537";"";"";"roadClosed";"";"";"";"CRITER";"70388";"2017-09-08 17:29:01";"2017-09-08 17:29:30";"nonLinkedPoint";""
"Criter13456847";"noRestriction";"real";"NetworkManagement";"";"2017-09-01 18:09:16";"2017-09-13 21:30:30";"1";"2017-09-01 18:09:16";"2017-09-01 18:09:16";"certain";"active";"2017-09-13 21:30:30";"2017-09-14 05:00:30";"0";"21h30/5h Pont Koenig -> Lyon 9|Ensemble de l'ouvrage|Du 4 au 15 septembre
Travaux de voirie";"bothWays";"LYON-09";"TWG_ID:537";"";"";"roadClosed";"";"";"";"CRITER";"70391";"2017-09-08 17:29:01";"2017-09-08 17:29:30";"nonLinkedPoint";""
"Criter13456846";"noRestriction";"real";"NetworkManagement";"";"2017-09-01 18:09:16";"2017-09-12 21:30:30";"1";"2017-09-01 18:09:16";"2017-09-01 18:09:16";"certain";"active";"2017-09-12 21:30:30";"2017-09-13 05:00:30";"0";"21h30/5h Pont Koenig -> Lyon 9|Ensemble de l'ouvrage|Du 4 au 15 septembre
Travaux de voirie";"bothWays";"LYON-09";"TWG_ID:537";"";"";"roadClosed";"";"";"";"CRITER";"70390";"2017-09-08 17:29:01";"2017-09-08 17:29:30";"nonLinkedPoint";""
